2025-11-24T05:11:13.634+01:00  INFO 122834 --- [fr.tp.slr201.projects.robotsim.service.simulation] [main] f.t.s.p.r.s.simulation.Application       : Starting Application using Java 21.0.9-ea with PID 122834 (/home/lucas/Projects/robotic-factory-simulator/fr.tp.slr201.projects.robotsim.service.simulation/target/classes started by lucas in /home/lucas/Projects/robotic-factory-simulator/fr.tp.slr201.projects.robotsim.service.simulation)
2025-11-24T05:11:13.637+01:00  INFO 122834 --- [fr.tp.slr201.projects.robotsim.service.simulation] [main] f.t.s.p.r.s.simulation.Application       : No active profile set, falling back to 1 default profile: "default"
2025-11-24T05:11:14.869+01:00  INFO 122834 --- [fr.tp.slr201.projects.robotsim.service.simulation] [main] o.s.b.w.embedded.tomcat.TomcatWebServer  : Tomcat initialized with port 8181 (http)
2025-11-24T05:11:14.897+01:00  INFO 122834 --- [fr.tp.slr201.projects.robotsim.service.simulation] [main] o.apache.catalina.core.StandardService   : Starting service [Tomcat]
2025-11-24T05:11:14.897+01:00  INFO 122834 --- [fr.tp.slr201.projects.robotsim.service.simulation] [main] o.apache.catalina.core.StandardEngine    : Starting Servlet engine: [Apache Tomcat/10.1.49]
2025-11-24T05:11:14.961+01:00  INFO 122834 --- [fr.tp.slr201.projects.robotsim.service.simulation] [main] o.a.c.c.C.[Tomcat].[localhost].[/]       : Initializing Spring embedded WebApplicationContext
2025-11-24T05:11:14.962+01:00  INFO 122834 --- [fr.tp.slr201.projects.robotsim.service.simulation] [main] w.s.c.ServletWebServerApplicationContext : Root WebApplicationContext: initialization completed in 1227 ms
2025-11-24T05:11:15.501+01:00  INFO 122834 --- [fr.tp.slr201.projects.robotsim.service.simulation] [main] o.s.b.w.embedded.tomcat.TomcatWebServer  : Tomcat started on port 8181 (http) with context path '/'
2025-11-24T05:11:15.516+01:00  INFO 122834 --- [fr.tp.slr201.projects.robotsim.service.simulation] [main] f.t.s.p.r.s.simulation.Application       : Started Application in 2.603 seconds (process running for 3.577)
2025-11-24T05:11:58.750+01:00  INFO 122834 --- [fr.tp.slr201.projects.robotsim.service.simulation] [http-nio-8181-exec-1] o.a.c.c.C.[Tomcat].[localhost].[/]       : Initializing Spring DispatcherServlet 'dispatcherServlet'
2025-11-24T05:11:58.751+01:00  INFO 122834 --- [fr.tp.slr201.projects.robotsim.service.simulation] [http-nio-8181-exec-1] o.s.web.servlet.DispatcherServlet        : Initializing Servlet 'dispatcherServlet'
2025-11-24T05:11:58.753+01:00  INFO 122834 --- [fr.tp.slr201.projects.robotsim.service.simulation] [http-nio-8181-exec-1] o.s.web.servlet.DispatcherServlet        : Completed initialization in 1 ms
2025-11-24T05:11:58.820+01:00  INFO 122834 --- [fr.tp.slr201.projects.robotsim.service.simulation] [http-nio-8181-exec-1] f.t.s.p.r.s.s.SimulationController       : Request to stop factory simulation: teste1.factory
2025-11-24T05:12:23.946+01:00  INFO 122834 --- [fr.tp.slr201.projects.robotsim.service.simulation] [RMI TCP Connection(3)-127.0.0.1] inMXBeanRegistrar$SpringApplicationAdmin : Application shutdown requested.
2025-11-24T05:12:23.949+01:00  INFO 122834 --- [fr.tp.slr201.projects.robotsim.service.simulation] [RMI TCP Connection(3)-127.0.0.1] o.s.b.w.e.tomcat.GracefulShutdown        : Commencing graceful shutdown. Waiting for active requests to complete
2025-11-24T05:12:23.959+01:00  INFO 122834 --- [fr.tp.slr201.projects.robotsim.service.simulation] [tomcat-shutdown] o.s.b.w.e.tomcat.GracefulShutdown        : Graceful shutdown complete
2025-11-24T05:23:48.613+01:00  INFO 123422 --- [fr.tp.slr201.projects.robotsim.service.simulation] [main] f.t.s.p.r.s.simulation.Application       : Starting Application using Java 21.0.9-ea with PID 123422 (/home/lucas/Projects/robotic-factory-simulator/fr.tp.slr201.projects.robotsim.service.simulation/target/classes started by lucas in /home/lucas/Projects/robotic-factory-simulator/fr.tp.slr201.projects.robotsim.service.simulation)
2025-11-24T05:23:48.617+01:00  INFO 123422 --- [fr.tp.slr201.projects.robotsim.service.simulation] [main] f.t.s.p.r.s.simulation.Application       : No active profile set, falling back to 1 default profile: "default"
2025-11-24T05:23:50.058+01:00  INFO 123422 --- [fr.tp.slr201.projects.robotsim.service.simulation] [main] o.s.b.w.embedded.tomcat.TomcatWebServer  : Tomcat initialized with port 8181 (http)
2025-11-24T05:23:50.082+01:00  INFO 123422 --- [fr.tp.slr201.projects.robotsim.service.simulation] [main] o.apache.catalina.core.StandardService   : Starting service [Tomcat]
2025-11-24T05:23:50.083+01:00  INFO 123422 --- [fr.tp.slr201.projects.robotsim.service.simulation] [main] o.apache.catalina.core.StandardEngine    : Starting Servlet engine: [Apache Tomcat/10.1.49]
2025-11-24T05:23:50.152+01:00  INFO 123422 --- [fr.tp.slr201.projects.robotsim.service.simulation] [main] o.a.c.c.C.[Tomcat].[localhost].[/]       : Initializing Spring embedded WebApplicationContext
2025-11-24T05:23:50.152+01:00  INFO 123422 --- [fr.tp.slr201.projects.robotsim.service.simulation] [main] w.s.c.ServletWebServerApplicationContext : Root WebApplicationContext: initialization completed in 1457 ms
2025-11-24T05:23:50.704+01:00  INFO 123422 --- [fr.tp.slr201.projects.robotsim.service.simulation] [main] o.s.b.w.embedded.tomcat.TomcatWebServer  : Tomcat started on port 8181 (http) with context path '/'
2025-11-24T05:23:50.716+01:00  INFO 123422 --- [fr.tp.slr201.projects.robotsim.service.simulation] [main] f.t.s.p.r.s.simulation.Application       : Started Application in 2.939 seconds (process running for 4.025)
2025-11-24T05:30:13.794+01:00  INFO 123865 --- [fr.tp.slr201.projects.robotsim.service.simulation] [main] f.t.s.p.r.s.simulation.Application       : Starting Application using Java 21.0.9-ea with PID 123865 (/home/lucas/Projects/robotic-factory-simulator/fr.tp.slr201.projects.robotsim.service.simulation/target/classes started by lucas in /home/lucas/Projects/robotic-factory-simulator/fr.tp.slr201.projects.robotsim.service.simulation)
2025-11-24T05:30:13.798+01:00  INFO 123865 --- [fr.tp.slr201.projects.robotsim.service.simulation] [main] f.t.s.p.r.s.simulation.Application       : No active profile set, falling back to 1 default profile: "default"
2025-11-24T05:30:15.220+01:00  INFO 123865 --- [fr.tp.slr201.projects.robotsim.service.simulation] [main] o.s.b.w.embedded.tomcat.TomcatWebServer  : Tomcat initialized with port 8181 (http)
2025-11-24T05:30:15.242+01:00  INFO 123865 --- [fr.tp.slr201.projects.robotsim.service.simulation] [main] o.apache.catalina.core.StandardService   : Starting service [Tomcat]
2025-11-24T05:30:15.242+01:00  INFO 123865 --- [fr.tp.slr201.projects.robotsim.service.simulation] [main] o.apache.catalina.core.StandardEngine    : Starting Servlet engine: [Apache Tomcat/10.1.49]
2025-11-24T05:30:15.299+01:00  INFO 123865 --- [fr.tp.slr201.projects.robotsim.service.simulation] [main] o.a.c.c.C.[Tomcat].[localhost].[/]       : Initializing Spring embedded WebApplicationContext
2025-11-24T05:30:15.300+01:00  INFO 123865 --- [fr.tp.slr201.projects.robotsim.service.simulation] [main] w.s.c.ServletWebServerApplicationContext : Root WebApplicationContext: initialization completed in 1422 ms
2025-11-24T05:30:15.868+01:00  WARN 123865 --- [fr.tp.slr201.projects.robotsim.service.simulation] [main] ConfigServletWebServerApplicationContext : Exception encountered during context initialization - cancelling refresh attempt: org.springframework.context.ApplicationContextException: Failed to start bean 'webServerStartStop'
2025-11-24T05:30:15.900+01:00  INFO 123865 --- [fr.tp.slr201.projects.robotsim.service.simulation] [main] .s.b.a.l.ConditionEvaluationReportLogger : 

Error starting ApplicationContext. To display the condition evaluation report re-run your application with 'debug' enabled.
2025-11-24T05:30:15.928+01:00 ERROR 123865 --- [fr.tp.slr201.projects.robotsim.service.simulation] [main] o.s.b.d.LoggingFailureAnalysisReporter   : 

***************************
APPLICATION FAILED TO START
***************************

Description:

Web server failed to start. Port 8181 was already in use.

Action:

Identify and stop the process that's listening on port 8181 or configure this application to listen on another port.

2025-11-24T05:30:23.598+01:00  INFO 123422 --- [fr.tp.slr201.projects.robotsim.service.simulation] [RMI TCP Connection(10)-127.0.0.1] inMXBeanRegistrar$SpringApplicationAdmin : Application shutdown requested.
2025-11-24T05:30:23.602+01:00  INFO 123422 --- [fr.tp.slr201.projects.robotsim.service.simulation] [RMI TCP Connection(10)-127.0.0.1] o.s.b.w.e.tomcat.GracefulShutdown        : Commencing graceful shutdown. Waiting for active requests to complete
2025-11-24T05:30:23.615+01:00  INFO 123422 --- [fr.tp.slr201.projects.robotsim.service.simulation] [tomcat-shutdown] o.s.b.w.e.tomcat.GracefulShutdown        : Graceful shutdown complete
2025-11-24T05:30:32.213+01:00  INFO 123925 --- [fr.tp.slr201.projects.robotsim.service.simulation] [main] f.t.s.p.r.s.simulation.Application       : Starting Application using Java 21.0.9-ea with PID 123925 (/home/lucas/Projects/robotic-factory-simulator/fr.tp.slr201.projects.robotsim.service.simulation/target/classes started by lucas in /home/lucas/Projects/robotic-factory-simulator/fr.tp.slr201.projects.robotsim.service.simulation)
2025-11-24T05:30:32.216+01:00  INFO 123925 --- [fr.tp.slr201.projects.robotsim.service.simulation] [main] f.t.s.p.r.s.simulation.Application       : No active profile set, falling back to 1 default profile: "default"
2025-11-24T05:30:33.576+01:00  INFO 123925 --- [fr.tp.slr201.projects.robotsim.service.simulation] [main] o.s.b.w.embedded.tomcat.TomcatWebServer  : Tomcat initialized with port 8181 (http)
2025-11-24T05:30:33.598+01:00  INFO 123925 --- [fr.tp.slr201.projects.robotsim.service.simulation] [main] o.apache.catalina.core.StandardService   : Starting service [Tomcat]
2025-11-24T05:30:33.599+01:00  INFO 123925 --- [fr.tp.slr201.projects.robotsim.service.simulation] [main] o.apache.catalina.core.StandardEngine    : Starting Servlet engine: [Apache Tomcat/10.1.49]
2025-11-24T05:30:33.667+01:00  INFO 123925 --- [fr.tp.slr201.projects.robotsim.service.simulation] [main] o.a.c.c.C.[Tomcat].[localhost].[/]       : Initializing Spring embedded WebApplicationContext
2025-11-24T05:30:33.667+01:00  INFO 123925 --- [fr.tp.slr201.projects.robotsim.service.simulation] [main] w.s.c.ServletWebServerApplicationContext : Root WebApplicationContext: initialization completed in 1370 ms
2025-11-24T05:30:34.288+01:00  INFO 123925 --- [fr.tp.slr201.projects.robotsim.service.simulation] [main] o.s.b.w.embedded.tomcat.TomcatWebServer  : Tomcat started on port 8181 (http) with context path '/'
2025-11-24T05:30:34.302+01:00  INFO 123925 --- [fr.tp.slr201.projects.robotsim.service.simulation] [main] f.t.s.p.r.s.simulation.Application       : Started Application in 2.792 seconds (process running for 3.837)
2025-11-24T05:31:43.624+01:00  INFO 123925 --- [fr.tp.slr201.projects.robotsim.service.simulation] [http-nio-8181-exec-1] o.a.c.c.C.[Tomcat].[localhost].[/]       : Initializing Spring DispatcherServlet 'dispatcherServlet'
2025-11-24T05:31:43.627+01:00  INFO 123925 --- [fr.tp.slr201.projects.robotsim.service.simulation] [http-nio-8181-exec-1] o.s.web.servlet.DispatcherServlet        : Initializing Servlet 'dispatcherServlet'
2025-11-24T05:31:43.630+01:00  INFO 123925 --- [fr.tp.slr201.projects.robotsim.service.simulation] [http-nio-8181-exec-1] o.s.web.servlet.DispatcherServlet        : Completed initialization in 3 ms
2025-11-24T05:31:43.702+01:00  INFO 123925 --- [fr.tp.slr201.projects.robotsim.service.simulation] [http-nio-8181-exec-1] f.t.s.p.r.s.s.SimulationController       : Request to start factory simulation: null
2025-11-24T05:31:43.718+01:00 ERROR 123925 --- [fr.tp.slr201.projects.robotsim.service.simulation] [http-nio-8181-exec-1] f.t.s.p.r.s.s.SimulationController       : Error communicating with the persistence server: java.net.ConnectException: Connection refused
2025-11-24T05:31:51.927+01:00  INFO 123925 --- [fr.tp.slr201.projects.robotsim.service.simulation] [http-nio-8181-exec-2] f.t.s.p.r.s.s.SimulationController       : Request to start factory simulation: null
2025-11-24T05:31:51.931+01:00 ERROR 123925 --- [fr.tp.slr201.projects.robotsim.service.simulation] [http-nio-8181-exec-2] f.t.s.p.r.s.s.SimulationController       : Error communicating with the persistence server: java.net.ConnectException: Connection refused
2025-11-24T05:33:30.388+01:00  INFO 123925 --- [fr.tp.slr201.projects.robotsim.service.simulation] [http-nio-8181-exec-4] f.t.s.p.r.s.s.SimulationController       : Request to start factory simulation: null
2025-11-24T05:33:30.438+01:00 ERROR 123925 --- [fr.tp.slr201.projects.robotsim.service.simulation] [http-nio-8181-exec-4] f.t.s.p.r.s.s.SimulationController       : Error communicating with the persistence server: java.io.EOFException
2025-11-24T07:45:23.310+01:00  INFO 123925 --- [fr.tp.slr201.projects.robotsim.service.simulation] [RMI TCP Connection(138)-127.0.0.1] inMXBeanRegistrar$SpringApplicationAdmin : Application shutdown requested.
2025-11-24T07:45:23.357+01:00  INFO 123925 --- [fr.tp.slr201.projects.robotsim.service.simulation] [RMI TCP Connection(138)-127.0.0.1] o.s.b.w.e.tomcat.GracefulShutdown        : Commencing graceful shutdown. Waiting for active requests to complete
2025-11-24T07:45:23.371+01:00  INFO 123925 --- [fr.tp.slr201.projects.robotsim.service.simulation] [tomcat-shutdown] o.s.b.w.e.tomcat.GracefulShutdown        : Graceful shutdown complete
2025-11-24T07:46:07.014+01:00  INFO 127968 --- [fr.tp.slr201.projects.robotsim.service.simulation] [main] f.t.s.p.r.s.simulation.Application       : Starting Application using Java 21.0.9-ea with PID 127968 (/home/lucas/Projects/robotic-factory-simulator/fr.tp.slr201.projects.robotsim.service.simulation/target/classes started by lucas in /home/lucas/Projects/robotic-factory-simulator/fr.tp.slr201.projects.robotsim.service.simulation)
2025-11-24T07:46:07.021+01:00  INFO 127968 --- [fr.tp.slr201.projects.robotsim.service.simulation] [main] f.t.s.p.r.s.simulation.Application       : No active profile set, falling back to 1 default profile: "default"
2025-11-24T07:46:08.363+01:00  INFO 127968 --- [fr.tp.slr201.projects.robotsim.service.simulation] [main] o.s.b.w.embedded.tomcat.TomcatWebServer  : Tomcat initialized with port 8181 (http)
2025-11-24T07:46:08.384+01:00  INFO 127968 --- [fr.tp.slr201.projects.robotsim.service.simulation] [main] o.apache.catalina.core.StandardService   : Starting service [Tomcat]
2025-11-24T07:46:08.384+01:00  INFO 127968 --- [fr.tp.slr201.projects.robotsim.service.simulation] [main] o.apache.catalina.core.StandardEngine    : Starting Servlet engine: [Apache Tomcat/10.1.49]
2025-11-24T07:46:08.448+01:00  INFO 127968 --- [fr.tp.slr201.projects.robotsim.service.simulation] [main] o.a.c.c.C.[Tomcat].[localhost].[/]       : Initializing Spring embedded WebApplicationContext
2025-11-24T07:46:08.449+01:00  INFO 127968 --- [fr.tp.slr201.projects.robotsim.service.simulation] [main] w.s.c.ServletWebServerApplicationContext : Root WebApplicationContext: initialization completed in 1333 ms
2025-11-24T07:46:09.076+01:00  INFO 127968 --- [fr.tp.slr201.projects.robotsim.service.simulation] [main] o.s.b.w.embedded.tomcat.TomcatWebServer  : Tomcat started on port 8181 (http) with context path '/'
2025-11-24T07:46:09.091+01:00  INFO 127968 --- [fr.tp.slr201.projects.robotsim.service.simulation] [main] f.t.s.p.r.s.simulation.Application       : Started Application in 2.771 seconds (process running for 3.713)
2025-11-24T07:46:40.493+01:00  INFO 127968 --- [fr.tp.slr201.projects.robotsim.service.simulation] [http-nio-8181-exec-1] o.a.c.c.C.[Tomcat].[localhost].[/]       : Initializing Spring DispatcherServlet 'dispatcherServlet'
2025-11-24T07:46:40.496+01:00  INFO 127968 --- [fr.tp.slr201.projects.robotsim.service.simulation] [http-nio-8181-exec-1] o.s.web.servlet.DispatcherServlet        : Initializing Servlet 'dispatcherServlet'
2025-11-24T07:46:40.499+01:00  INFO 127968 --- [fr.tp.slr201.projects.robotsim.service.simulation] [http-nio-8181-exec-1] o.s.web.servlet.DispatcherServlet        : Completed initialization in 1 ms
2025-11-24T07:46:40.561+01:00  INFO 127968 --- [fr.tp.slr201.projects.robotsim.service.simulation] [http-nio-8181-exec-1] f.t.s.p.r.s.s.SimulationController       : Request to start factory simulation: null
2025-11-24T07:46:40.612+01:00 ERROR 127968 --- [fr.tp.slr201.projects.robotsim.service.simulation] [http-nio-8181-exec-1] f.t.s.p.r.s.s.SimulationController       : Error communicating with the persistence server: java.io.EOFException
2025-11-24T10:44:36.972+01:00  INFO 127968 --- [fr.tp.slr201.projects.robotsim.service.simulation] [RMI TCP Connection(11)-127.0.0.1] inMXBeanRegistrar$SpringApplicationAdmin : Application shutdown requested.
2025-11-24T10:44:36.992+01:00  INFO 127968 --- [fr.tp.slr201.projects.robotsim.service.simulation] [RMI TCP Connection(11)-127.0.0.1] o.s.b.w.e.tomcat.GracefulShutdown        : Commencing graceful shutdown. Waiting for active requests to complete
2025-11-24T10:44:37.002+01:00  INFO 127968 --- [fr.tp.slr201.projects.robotsim.service.simulation] [tomcat-shutdown] o.s.b.w.e.tomcat.GracefulShutdown        : Graceful shutdown complete
2025-11-24T13:17:48.751+01:00  INFO 133524 --- [fr.tp.slr201.projects.robotsim.service.simulation] [main] f.t.s.p.r.s.simulation.Application       : Starting Application using Java 21.0.9-ea with PID 133524 (/home/lucas/Projects/robotic-factory-simulator/fr.tp.slr201.projects.robotsim.service.simulation/target/classes started by lucas in /home/lucas/Projects/robotic-factory-simulator/fr.tp.slr201.projects.robotsim.service.simulation)
2025-11-24T13:17:48.756+01:00  INFO 133524 --- [fr.tp.slr201.projects.robotsim.service.simulation] [main] f.t.s.p.r.s.simulation.Application       : No active profile set, falling back to 1 default profile: "default"
2025-11-24T13:17:50.245+01:00  INFO 133524 --- [fr.tp.slr201.projects.robotsim.service.simulation] [main] o.s.b.w.embedded.tomcat.TomcatWebServer  : Tomcat initialized with port 8181 (http)
2025-11-24T13:17:50.269+01:00  INFO 133524 --- [fr.tp.slr201.projects.robotsim.service.simulation] [main] o.apache.catalina.core.StandardService   : Starting service [Tomcat]
2025-11-24T13:17:50.270+01:00  INFO 133524 --- [fr.tp.slr201.projects.robotsim.service.simulation] [main] o.apache.catalina.core.StandardEngine    : Starting Servlet engine: [Apache Tomcat/10.1.49]
2025-11-24T13:17:50.350+01:00  INFO 133524 --- [fr.tp.slr201.projects.robotsim.service.simulation] [main] o.a.c.c.C.[Tomcat].[localhost].[/]       : Initializing Spring embedded WebApplicationContext
2025-11-24T13:17:50.351+01:00  INFO 133524 --- [fr.tp.slr201.projects.robotsim.service.simulation] [main] w.s.c.ServletWebServerApplicationContext : Root WebApplicationContext: initialization completed in 1478 ms
2025-11-24T13:17:50.865+01:00  INFO 133524 --- [fr.tp.slr201.projects.robotsim.service.simulation] [main] o.s.b.w.embedded.tomcat.TomcatWebServer  : Tomcat started on port 8181 (http) with context path '/'
2025-11-24T13:17:50.879+01:00  INFO 133524 --- [fr.tp.slr201.projects.robotsim.service.simulation] [main] f.t.s.p.r.s.simulation.Application       : Started Application in 2.908 seconds (process running for 3.922)
2025-11-24T13:19:24.287+01:00  INFO 133524 --- [fr.tp.slr201.projects.robotsim.service.simulation] [http-nio-8181-exec-1] o.a.c.c.C.[Tomcat].[localhost].[/]       : Initializing Spring DispatcherServlet 'dispatcherServlet'
2025-11-24T13:19:24.288+01:00  INFO 133524 --- [fr.tp.slr201.projects.robotsim.service.simulation] [http-nio-8181-exec-1] o.s.web.servlet.DispatcherServlet        : Initializing Servlet 'dispatcherServlet'
2025-11-24T13:19:24.290+01:00  INFO 133524 --- [fr.tp.slr201.projects.robotsim.service.simulation] [http-nio-8181-exec-1] o.s.web.servlet.DispatcherServlet        : Completed initialization in 1 ms
2025-11-24T13:19:24.345+01:00  INFO 133524 --- [fr.tp.slr201.projects.robotsim.service.simulation] [http-nio-8181-exec-1] f.t.s.p.r.s.s.SimulationController       : Request to start factory simulation: null
2025-11-24T13:19:24.376+01:00 ERROR 133524 --- [fr.tp.slr201.projects.robotsim.service.simulation] [http-nio-8181-exec-1] f.t.s.p.r.s.s.SimulationController       : Error communicating with the persistence server: java.io.EOFException
2025-11-24T13:35:43.306+01:00  INFO 133524 --- [fr.tp.slr201.projects.robotsim.service.simulation] [RMI TCP Connection(16)-127.0.0.1] inMXBeanRegistrar$SpringApplicationAdmin : Application shutdown requested.
2025-11-24T13:35:43.311+01:00  INFO 133524 --- [fr.tp.slr201.projects.robotsim.service.simulation] [RMI TCP Connection(16)-127.0.0.1] o.s.b.w.e.tomcat.GracefulShutdown        : Commencing graceful shutdown. Waiting for active requests to complete
2025-11-24T13:35:43.315+01:00  INFO 133524 --- [fr.tp.slr201.projects.robotsim.service.simulation] [tomcat-shutdown] o.s.b.w.e.tomcat.GracefulShutdown        : Graceful shutdown complete
2025-11-24T13:35:58.064+01:00  INFO 135102 --- [fr.tp.slr201.projects.robotsim.service.simulation] [main] f.t.s.p.r.s.simulation.Application       : Starting Application using Java 21.0.9-ea with PID 135102 (/home/lucas/Projects/robotic-factory-simulator/fr.tp.slr201.projects.robotsim.service.simulation/target/classes started by lucas in /home/lucas/Projects/robotic-factory-simulator/fr.tp.slr201.projects.robotsim.service.simulation)
2025-11-24T13:35:58.067+01:00  INFO 135102 --- [fr.tp.slr201.projects.robotsim.service.simulation] [main] f.t.s.p.r.s.simulation.Application       : No active profile set, falling back to 1 default profile: "default"
2025-11-24T13:35:59.326+01:00  INFO 135102 --- [fr.tp.slr201.projects.robotsim.service.simulation] [main] o.s.b.w.embedded.tomcat.TomcatWebServer  : Tomcat initialized with port 8181 (http)
2025-11-24T13:35:59.347+01:00  INFO 135102 --- [fr.tp.slr201.projects.robotsim.service.simulation] [main] o.apache.catalina.core.StandardService   : Starting service [Tomcat]
2025-11-24T13:35:59.348+01:00  INFO 135102 --- [fr.tp.slr201.projects.robotsim.service.simulation] [main] o.apache.catalina.core.StandardEngine    : Starting Servlet engine: [Apache Tomcat/10.1.49]
2025-11-24T13:35:59.398+01:00  INFO 135102 --- [fr.tp.slr201.projects.robotsim.service.simulation] [main] o.a.c.c.C.[Tomcat].[localhost].[/]       : Initializing Spring embedded WebApplicationContext
2025-11-24T13:35:59.399+01:00  INFO 135102 --- [fr.tp.slr201.projects.robotsim.service.simulation] [main] w.s.c.ServletWebServerApplicationContext : Root WebApplicationContext: initialization completed in 1245 ms
2025-11-24T13:35:59.874+01:00  INFO 135102 --- [fr.tp.slr201.projects.robotsim.service.simulation] [main] o.s.b.w.embedded.tomcat.TomcatWebServer  : Tomcat started on port 8181 (http) with context path '/'
2025-11-24T13:35:59.886+01:00  INFO 135102 --- [fr.tp.slr201.projects.robotsim.service.simulation] [main] f.t.s.p.r.s.simulation.Application       : Started Application in 2.39 seconds (process running for 3.137)
2025-11-24T13:51:25.066+01:00  INFO 135102 --- [fr.tp.slr201.projects.robotsim.service.simulation] [RMI TCP Connection(14)-127.0.0.1] inMXBeanRegistrar$SpringApplicationAdmin : Application shutdown requested.
2025-11-24T13:51:25.070+01:00  INFO 135102 --- [fr.tp.slr201.projects.robotsim.service.simulation] [RMI TCP Connection(14)-127.0.0.1] o.s.b.w.e.tomcat.GracefulShutdown        : Commencing graceful shutdown. Waiting for active requests to complete
2025-11-24T13:51:25.091+01:00  INFO 135102 --- [fr.tp.slr201.projects.robotsim.service.simulation] [tomcat-shutdown] o.s.b.w.e.tomcat.GracefulShutdown        : Graceful shutdown complete
2025-11-24T13:51:43.936+01:00  INFO 135934 --- [fr.tp.slr201.projects.robotsim.service.simulation] [main] f.t.s.p.r.s.simulation.Application       : Starting Application using Java 21.0.9-ea with PID 135934 (/home/lucas/Projects/robotic-factory-simulator/fr.tp.slr201.projects.robotsim.service.simulation/target/classes started by lucas in /home/lucas/Projects/robotic-factory-simulator/fr.tp.slr201.projects.robotsim.service.simulation)
2025-11-24T13:51:43.939+01:00  INFO 135934 --- [fr.tp.slr201.projects.robotsim.service.simulation] [main] f.t.s.p.r.s.simulation.Application       : No active profile set, falling back to 1 default profile: "default"
2025-11-24T13:51:45.148+01:00  INFO 135934 --- [fr.tp.slr201.projects.robotsim.service.simulation] [main] o.s.b.w.embedded.tomcat.TomcatWebServer  : Tomcat initialized with port 8181 (http)
2025-11-24T13:51:45.168+01:00  INFO 135934 --- [fr.tp.slr201.projects.robotsim.service.simulation] [main] o.apache.catalina.core.StandardService   : Starting service [Tomcat]
2025-11-24T13:51:45.169+01:00  INFO 135934 --- [fr.tp.slr201.projects.robotsim.service.simulation] [main] o.apache.catalina.core.StandardEngine    : Starting Servlet engine: [Apache Tomcat/10.1.49]
2025-11-24T13:51:45.218+01:00  INFO 135934 --- [fr.tp.slr201.projects.robotsim.service.simulation] [main] o.a.c.c.C.[Tomcat].[localhost].[/]       : Initializing Spring embedded WebApplicationContext
2025-11-24T13:51:45.219+01:00  INFO 135934 --- [fr.tp.slr201.projects.robotsim.service.simulation] [main] w.s.c.ServletWebServerApplicationContext : Root WebApplicationContext: initialization completed in 1211 ms
2025-11-24T13:51:45.700+01:00  INFO 135934 --- [fr.tp.slr201.projects.robotsim.service.simulation] [main] o.s.b.w.embedded.tomcat.TomcatWebServer  : Tomcat started on port 8181 (http) with context path '/'
2025-11-24T13:51:45.712+01:00  INFO 135934 --- [fr.tp.slr201.projects.robotsim.service.simulation] [main] f.t.s.p.r.s.simulation.Application       : Started Application in 2.338 seconds (process running for 3.081)
2025-11-24T13:52:19.290+01:00  INFO 135934 --- [fr.tp.slr201.projects.robotsim.service.simulation] [http-nio-8181-exec-1] o.a.c.c.C.[Tomcat].[localhost].[/]       : Initializing Spring DispatcherServlet 'dispatcherServlet'
2025-11-24T13:52:19.290+01:00  INFO 135934 --- [fr.tp.slr201.projects.robotsim.service.simulation] [http-nio-8181-exec-1] o.s.web.servlet.DispatcherServlet        : Initializing Servlet 'dispatcherServlet'
2025-11-24T13:52:19.292+01:00  INFO 135934 --- [fr.tp.slr201.projects.robotsim.service.simulation] [http-nio-8181-exec-1] o.s.web.servlet.DispatcherServlet        : Completed initialization in 1 ms
2025-11-24T13:52:19.342+01:00  INFO 135934 --- [fr.tp.slr201.projects.robotsim.service.simulation] [http-nio-8181-exec-1] f.t.s.p.r.s.s.SimulationController       : Request to start factory simulation: L2hvbWUvbHVjYXMvUHJvamVjdHMvcm9ib3RpYy1mYWN0b3J5LXNpbXVsYXRvci9mci50cC5pbmYxMTIucHJvamVjdHMucm9ib3RzaW0vdGVzdGU0LmZhY3Rvcnk=
2025-11-24T13:52:19.349+01:00 ERROR 135934 --- [fr.tp.slr201.projects.robotsim.service.simulation] [http-nio-8181-exec-1] f.t.s.p.r.s.s.SimulationController       : Error communicating with the persistence server: java.io.EOFException
2025-11-24T13:54:02.618+01:00  INFO 135934 --- [fr.tp.slr201.projects.robotsim.service.simulation] [RMI TCP Connection(6)-127.0.0.1] inMXBeanRegistrar$SpringApplicationAdmin : Application shutdown requested.
2025-11-24T13:54:02.624+01:00  INFO 135934 --- [fr.tp.slr201.projects.robotsim.service.simulation] [RMI TCP Connection(6)-127.0.0.1] o.s.b.w.e.tomcat.GracefulShutdown        : Commencing graceful shutdown. Waiting for active requests to complete
2025-11-24T13:54:02.629+01:00  INFO 135934 --- [fr.tp.slr201.projects.robotsim.service.simulation] [tomcat-shutdown] o.s.b.w.e.tomcat.GracefulShutdown        : Graceful shutdown complete
2025-11-24T13:54:16.690+01:00  INFO 136158 --- [fr.tp.slr201.projects.robotsim.service.simulation] [main] f.t.s.p.r.s.simulation.Application       : Starting Application using Java 21.0.9-ea with PID 136158 (/home/lucas/Projects/robotic-factory-simulator/fr.tp.slr201.projects.robotsim.service.simulation/target/classes started by lucas in /home/lucas/Projects/robotic-factory-simulator/fr.tp.slr201.projects.robotsim.service.simulation)
2025-11-24T13:54:16.693+01:00  INFO 136158 --- [fr.tp.slr201.projects.robotsim.service.simulation] [main] f.t.s.p.r.s.simulation.Application       : No active profile set, falling back to 1 default profile: "default"
2025-11-24T13:54:17.920+01:00  INFO 136158 --- [fr.tp.slr201.projects.robotsim.service.simulation] [main] o.s.b.w.embedded.tomcat.TomcatWebServer  : Tomcat initialized with port 8181 (http)
2025-11-24T13:54:17.941+01:00  INFO 136158 --- [fr.tp.slr201.projects.robotsim.service.simulation] [main] o.apache.catalina.core.StandardService   : Starting service [Tomcat]
2025-11-24T13:54:17.941+01:00  INFO 136158 --- [fr.tp.slr201.projects.robotsim.service.simulation] [main] o.apache.catalina.core.StandardEngine    : Starting Servlet engine: [Apache Tomcat/10.1.49]
2025-11-24T13:54:17.992+01:00  INFO 136158 --- [fr.tp.slr201.projects.robotsim.service.simulation] [main] o.a.c.c.C.[Tomcat].[localhost].[/]       : Initializing Spring embedded WebApplicationContext
2025-11-24T13:54:17.993+01:00  INFO 136158 --- [fr.tp.slr201.projects.robotsim.service.simulation] [main] w.s.c.ServletWebServerApplicationContext : Root WebApplicationContext: initialization completed in 1231 ms
2025-11-24T13:54:18.475+01:00  INFO 136158 --- [fr.tp.slr201.projects.robotsim.service.simulation] [main] o.s.b.w.embedded.tomcat.TomcatWebServer  : Tomcat started on port 8181 (http) with context path '/'
2025-11-24T13:54:18.488+01:00  INFO 136158 --- [fr.tp.slr201.projects.robotsim.service.simulation] [main] f.t.s.p.r.s.simulation.Application       : Started Application in 2.37 seconds (process running for 3.11)
2025-11-24T13:54:49.617+01:00  INFO 136158 --- [fr.tp.slr201.projects.robotsim.service.simulation] [http-nio-8181-exec-1] o.a.c.c.C.[Tomcat].[localhost].[/]       : Initializing Spring DispatcherServlet 'dispatcherServlet'
2025-11-24T13:54:49.618+01:00  INFO 136158 --- [fr.tp.slr201.projects.robotsim.service.simulation] [http-nio-8181-exec-1] o.s.web.servlet.DispatcherServlet        : Initializing Servlet 'dispatcherServlet'
2025-11-24T13:54:49.619+01:00  INFO 136158 --- [fr.tp.slr201.projects.robotsim.service.simulation] [http-nio-8181-exec-1] o.s.web.servlet.DispatcherServlet        : Completed initialization in 1 ms
2025-11-24T13:54:49.671+01:00  INFO 136158 --- [fr.tp.slr201.projects.robotsim.service.simulation] [http-nio-8181-exec-1] f.t.s.p.r.s.s.SimulationController       : Request to start factory simulation: L2hvbWUvbHVjYXMvUHJvamVjdHMvcm9ib3RpYy1mYWN0b3J5LXNpbXVsYXRvci9mci50cC5pbmYxMTIucHJvamVjdHMucm9ib3RzaW0vdGVzdGU1LmZhY3Rvcnk=
2025-11-24T13:54:49.677+01:00 ERROR 136158 --- [fr.tp.slr201.projects.robotsim.service.simulation] [http-nio-8181-exec-1] f.t.s.p.r.s.s.SimulationController       : Error communicating with the persistence server: java.io.EOFException
2025-11-24T13:56:02.196+01:00  INFO 136158 --- [fr.tp.slr201.projects.robotsim.service.simulation] [RMI TCP Connection(5)-127.0.0.1] inMXBeanRegistrar$SpringApplicationAdmin : Application shutdown requested.
2025-11-24T13:56:02.203+01:00  INFO 136158 --- [fr.tp.slr201.projects.robotsim.service.simulation] [RMI TCP Connection(5)-127.0.0.1] o.s.b.w.e.tomcat.GracefulShutdown        : Commencing graceful shutdown. Waiting for active requests to complete
2025-11-24T13:56:02.209+01:00  INFO 136158 --- [fr.tp.slr201.projects.robotsim.service.simulation] [tomcat-shutdown] o.s.b.w.e.tomcat.GracefulShutdown        : Graceful shutdown complete
2025-11-24T13:58:14.822+01:00  INFO 136467 --- [fr.tp.slr201.projects.robotsim.service.simulation] [main] f.t.s.p.r.s.simulation.Application       : Starting Application using Java 21.0.9-ea with PID 136467 (/home/lucas/Projects/robotic-factory-simulator/fr.tp.slr201.projects.robotsim.service.simulation/target/classes started by lucas in /home/lucas/Projects/robotic-factory-simulator/fr.tp.slr201.projects.robotsim.service.simulation)
2025-11-24T13:58:14.825+01:00  INFO 136467 --- [fr.tp.slr201.projects.robotsim.service.simulation] [main] f.t.s.p.r.s.simulation.Application       : No active profile set, falling back to 1 default profile: "default"
2025-11-24T13:58:16.010+01:00  INFO 136467 --- [fr.tp.slr201.projects.robotsim.service.simulation] [main] o.s.b.w.embedded.tomcat.TomcatWebServer  : Tomcat initialized with port 8181 (http)
2025-11-24T13:58:16.029+01:00  INFO 136467 --- [fr.tp.slr201.projects.robotsim.service.simulation] [main] o.apache.catalina.core.StandardService   : Starting service [Tomcat]
2025-11-24T13:58:16.030+01:00  INFO 136467 --- [fr.tp.slr201.projects.robotsim.service.simulation] [main] o.apache.catalina.core.StandardEngine    : Starting Servlet engine: [Apache Tomcat/10.1.49]
2025-11-24T13:58:16.079+01:00  INFO 136467 --- [fr.tp.slr201.projects.robotsim.service.simulation] [main] o.a.c.c.C.[Tomcat].[localhost].[/]       : Initializing Spring embedded WebApplicationContext
2025-11-24T13:58:16.080+01:00  INFO 136467 --- [fr.tp.slr201.projects.robotsim.service.simulation] [main] w.s.c.ServletWebServerApplicationContext : Root WebApplicationContext: initialization completed in 1185 ms
2025-11-24T13:58:16.558+01:00  INFO 136467 --- [fr.tp.slr201.projects.robotsim.service.simulation] [main] o.s.b.w.embedded.tomcat.TomcatWebServer  : Tomcat started on port 8181 (http) with context path '/'
2025-11-24T13:58:16.571+01:00  INFO 136467 --- [fr.tp.slr201.projects.robotsim.service.simulation] [main] f.t.s.p.r.s.simulation.Application       : Started Application in 2.336 seconds (process running for 3.09)
2025-11-24T13:58:46.431+01:00  INFO 136467 --- [fr.tp.slr201.projects.robotsim.service.simulation] [http-nio-8181-exec-1] o.a.c.c.C.[Tomcat].[localhost].[/]       : Initializing Spring DispatcherServlet 'dispatcherServlet'
2025-11-24T13:58:46.432+01:00  INFO 136467 --- [fr.tp.slr201.projects.robotsim.service.simulation] [http-nio-8181-exec-1] o.s.web.servlet.DispatcherServlet        : Initializing Servlet 'dispatcherServlet'
2025-11-24T13:58:46.434+01:00  INFO 136467 --- [fr.tp.slr201.projects.robotsim.service.simulation] [http-nio-8181-exec-1] o.s.web.servlet.DispatcherServlet        : Completed initialization in 1 ms
2025-11-24T13:58:46.484+01:00  INFO 136467 --- [fr.tp.slr201.projects.robotsim.service.simulation] [http-nio-8181-exec-1] f.t.s.p.r.s.s.SimulationController       : Request to start factory simulation: L2hvbWUvbHVjYXMvUHJvamVjdHMvcm9ib3RpYy1mYWN0b3J5LXNpbXVsYXRvci9mci50cC5pbmYxMTIucHJvamVjdHMucm9ib3RzaW0vdGVzdGU2LmZhY3Rvcnk=
2025-11-24T13:58:46.491+01:00 ERROR 136467 --- [fr.tp.slr201.projects.robotsim.service.simulation] [http-nio-8181-exec-1] f.t.s.p.r.s.s.SimulationController       : Error communicating with the persistence server: java.io.EOFException
2025-11-24T13:59:23.104+01:00  INFO 136467 --- [fr.tp.slr201.projects.robotsim.service.simulation] [RMI TCP Connection(3)-127.0.0.1] inMXBeanRegistrar$SpringApplicationAdmin : Application shutdown requested.
2025-11-24T13:59:23.107+01:00  INFO 136467 --- [fr.tp.slr201.projects.robotsim.service.simulation] [RMI TCP Connection(3)-127.0.0.1] o.s.b.w.e.tomcat.GracefulShutdown        : Commencing graceful shutdown. Waiting for active requests to complete
2025-11-24T13:59:23.111+01:00  INFO 136467 --- [fr.tp.slr201.projects.robotsim.service.simulation] [tomcat-shutdown] o.s.b.w.e.tomcat.GracefulShutdown        : Graceful shutdown complete
2025-11-24T14:04:34.576+01:00  INFO 136809 --- [fr.tp.slr201.projects.robotsim.service.simulation] [main] f.t.s.p.r.s.simulation.Application       : Starting Application using Java 21.0.9-ea with PID 136809 (/home/lucas/Projects/robotic-factory-simulator/fr.tp.slr201.projects.robotsim.service.simulation/target/classes started by lucas in /home/lucas/Projects/robotic-factory-simulator/fr.tp.slr201.projects.robotsim.service.simulation)
2025-11-24T14:04:34.579+01:00  INFO 136809 --- [fr.tp.slr201.projects.robotsim.service.simulation] [main] f.t.s.p.r.s.simulation.Application       : No active profile set, falling back to 1 default profile: "default"
2025-11-24T14:04:35.806+01:00  INFO 136809 --- [fr.tp.slr201.projects.robotsim.service.simulation] [main] o.s.b.w.embedded.tomcat.TomcatWebServer  : Tomcat initialized with port 8181 (http)
2025-11-24T14:04:35.828+01:00  INFO 136809 --- [fr.tp.slr201.projects.robotsim.service.simulation] [main] o.apache.catalina.core.StandardService   : Starting service [Tomcat]
2025-11-24T14:04:35.828+01:00  INFO 136809 --- [fr.tp.slr201.projects.robotsim.service.simulation] [main] o.apache.catalina.core.StandardEngine    : Starting Servlet engine: [Apache Tomcat/10.1.49]
2025-11-24T14:04:35.880+01:00  INFO 136809 --- [fr.tp.slr201.projects.robotsim.service.simulation] [main] o.a.c.c.C.[Tomcat].[localhost].[/]       : Initializing Spring embedded WebApplicationContext
2025-11-24T14:04:35.880+01:00  INFO 136809 --- [fr.tp.slr201.projects.robotsim.service.simulation] [main] w.s.c.ServletWebServerApplicationContext : Root WebApplicationContext: initialization completed in 1209 ms
2025-11-24T14:04:36.364+01:00  INFO 136809 --- [fr.tp.slr201.projects.robotsim.service.simulation] [main] o.s.b.w.embedded.tomcat.TomcatWebServer  : Tomcat started on port 8181 (http) with context path '/'
2025-11-24T14:04:36.377+01:00  INFO 136809 --- [fr.tp.slr201.projects.robotsim.service.simulation] [main] f.t.s.p.r.s.simulation.Application       : Started Application in 2.373 seconds (process running for 3.14)
2025-11-24T14:05:04.492+01:00  INFO 136809 --- [fr.tp.slr201.projects.robotsim.service.simulation] [http-nio-8181-exec-1] o.a.c.c.C.[Tomcat].[localhost].[/]       : Initializing Spring DispatcherServlet 'dispatcherServlet'
2025-11-24T14:05:04.493+01:00  INFO 136809 --- [fr.tp.slr201.projects.robotsim.service.simulation] [http-nio-8181-exec-1] o.s.web.servlet.DispatcherServlet        : Initializing Servlet 'dispatcherServlet'
2025-11-24T14:05:04.494+01:00  INFO 136809 --- [fr.tp.slr201.projects.robotsim.service.simulation] [http-nio-8181-exec-1] o.s.web.servlet.DispatcherServlet        : Completed initialization in 1 ms
2025-11-24T14:05:04.544+01:00  INFO 136809 --- [fr.tp.slr201.projects.robotsim.service.simulation] [http-nio-8181-exec-1] f.t.s.p.r.s.s.SimulationController       : Request to start factory simulation: L2hvbWUvbHVjYXMvUHJvamVjdHMvcm9ib3RpYy1mYWN0b3J5LXNpbXVsYXRvci9mci50cC5pbmYxMTIucHJvamVjdHMucm9ib3RzaW0vdGVzdGU3LmZhY3Rvcnk=
2025-11-24T14:05:04.550+01:00 ERROR 136809 --- [fr.tp.slr201.projects.robotsim.service.simulation] [http-nio-8181-exec-1] f.t.s.p.r.s.s.SimulationController       : Error communicating with the persistence server: java.io.EOFException
2025-11-24T14:06:47.535+01:00  INFO 136809 --- [fr.tp.slr201.projects.robotsim.service.simulation] [RMI TCP Connection(4)-127.0.0.1] inMXBeanRegistrar$SpringApplicationAdmin : Application shutdown requested.
2025-11-24T14:06:47.540+01:00  INFO 136809 --- [fr.tp.slr201.projects.robotsim.service.simulation] [RMI TCP Connection(4)-127.0.0.1] o.s.b.w.e.tomcat.GracefulShutdown        : Commencing graceful shutdown. Waiting for active requests to complete
2025-11-24T14:06:47.545+01:00  INFO 136809 --- [fr.tp.slr201.projects.robotsim.service.simulation] [tomcat-shutdown] o.s.b.w.e.tomcat.GracefulShutdown        : Graceful shutdown complete
2025-11-24T14:11:23.861+01:00  INFO 137170 --- [fr.tp.slr201.projects.robotsim.service.simulation] [main] f.t.s.p.r.s.simulation.Application       : Starting Application using Java 21.0.9-ea with PID 137170 (/home/lucas/Projects/robotic-factory-simulator/fr.tp.slr201.projects.robotsim.service.simulation/target/classes started by lucas in /home/lucas/Projects/robotic-factory-simulator/fr.tp.slr201.projects.robotsim.service.simulation)
2025-11-24T14:11:23.864+01:00  INFO 137170 --- [fr.tp.slr201.projects.robotsim.service.simulation] [main] f.t.s.p.r.s.simulation.Application       : No active profile set, falling back to 1 default profile: "default"
2025-11-24T14:11:25.098+01:00  INFO 137170 --- [fr.tp.slr201.projects.robotsim.service.simulation] [main] o.s.b.w.embedded.tomcat.TomcatWebServer  : Tomcat initialized with port 8181 (http)
2025-11-24T14:11:25.119+01:00  INFO 137170 --- [fr.tp.slr201.projects.robotsim.service.simulation] [main] o.apache.catalina.core.StandardService   : Starting service [Tomcat]
2025-11-24T14:11:25.120+01:00  INFO 137170 --- [fr.tp.slr201.projects.robotsim.service.simulation] [main] o.apache.catalina.core.StandardEngine    : Starting Servlet engine: [Apache Tomcat/10.1.49]
2025-11-24T14:11:25.194+01:00  INFO 137170 --- [fr.tp.slr201.projects.robotsim.service.simulation] [main] o.a.c.c.C.[Tomcat].[localhost].[/]       : Initializing Spring embedded WebApplicationContext
2025-11-24T14:11:25.195+01:00  INFO 137170 --- [fr.tp.slr201.projects.robotsim.service.simulation] [main] w.s.c.ServletWebServerApplicationContext : Root WebApplicationContext: initialization completed in 1257 ms
2025-11-24T14:11:25.676+01:00  INFO 137170 --- [fr.tp.slr201.projects.robotsim.service.simulation] [main] o.s.b.w.embedded.tomcat.TomcatWebServer  : Tomcat started on port 8181 (http) with context path '/'
2025-11-24T14:11:25.698+01:00  INFO 137170 --- [fr.tp.slr201.projects.robotsim.service.simulation] [main] f.t.s.p.r.s.simulation.Application       : Started Application in 2.41 seconds (process running for 3.211)
2025-11-24T14:11:57.432+01:00  INFO 137170 --- [fr.tp.slr201.projects.robotsim.service.simulation] [http-nio-8181-exec-1] o.a.c.c.C.[Tomcat].[localhost].[/]       : Initializing Spring DispatcherServlet 'dispatcherServlet'
2025-11-24T14:11:57.432+01:00  INFO 137170 --- [fr.tp.slr201.projects.robotsim.service.simulation] [http-nio-8181-exec-1] o.s.web.servlet.DispatcherServlet        : Initializing Servlet 'dispatcherServlet'
2025-11-24T14:11:57.434+01:00  INFO 137170 --- [fr.tp.slr201.projects.robotsim.service.simulation] [http-nio-8181-exec-1] o.s.web.servlet.DispatcherServlet        : Completed initialization in 1 ms
2025-11-24T14:11:57.483+01:00  INFO 137170 --- [fr.tp.slr201.projects.robotsim.service.simulation] [http-nio-8181-exec-1] f.t.s.p.r.s.s.SimulationController       : Request to start factory simulation: L2hvbWUvbHVjYXMvUHJvamVjdHMvcm9ib3RpYy1mYWN0b3J5LXNpbXVsYXRvci9mci50cC5pbmYxMTIucHJvamVjdHMucm9ib3RzaW0vdGVzdGU4LmZhY3Rvcnk=
2025-11-24T14:11:57.491+01:00 ERROR 137170 --- [fr.tp.slr201.projects.robotsim.service.simulation] [http-nio-8181-exec-1] f.t.s.p.r.s.s.SimulationController       : Error communicating with the persistence server: java.io.EOFException
2025-11-24T14:16:13.060+01:00  INFO 137170 --- [fr.tp.slr201.projects.robotsim.service.simulation] [RMI TCP Connection(8)-127.0.0.1] inMXBeanRegistrar$SpringApplicationAdmin : Application shutdown requested.
2025-11-24T14:16:13.063+01:00  INFO 137170 --- [fr.tp.slr201.projects.robotsim.service.simulation] [RMI TCP Connection(8)-127.0.0.1] o.s.b.w.e.tomcat.GracefulShutdown        : Commencing graceful shutdown. Waiting for active requests to complete
2025-11-24T14:16:13.068+01:00  INFO 137170 --- [fr.tp.slr201.projects.robotsim.service.simulation] [tomcat-shutdown] o.s.b.w.e.tomcat.GracefulShutdown        : Graceful shutdown complete
2025-11-24T14:16:29.773+01:00  INFO 137562 --- [fr.tp.slr201.projects.robotsim.service.simulation] [main] f.t.s.p.r.s.simulation.Application       : Starting Application using Java 21.0.9-ea with PID 137562 (/home/lucas/Projects/robotic-factory-simulator/fr.tp.slr201.projects.robotsim.service.simulation/target/classes started by lucas in /home/lucas/Projects/robotic-factory-simulator/fr.tp.slr201.projects.robotsim.service.simulation)
2025-11-24T14:16:29.776+01:00  INFO 137562 --- [fr.tp.slr201.projects.robotsim.service.simulation] [main] f.t.s.p.r.s.simulation.Application       : No active profile set, falling back to 1 default profile: "default"
2025-11-24T14:16:30.963+01:00  INFO 137562 --- [fr.tp.slr201.projects.robotsim.service.simulation] [main] o.s.b.w.embedded.tomcat.TomcatWebServer  : Tomcat initialized with port 8181 (http)
2025-11-24T14:16:30.983+01:00  INFO 137562 --- [fr.tp.slr201.projects.robotsim.service.simulation] [main] o.apache.catalina.core.StandardService   : Starting service [Tomcat]
2025-11-24T14:16:30.984+01:00  INFO 137562 --- [fr.tp.slr201.projects.robotsim.service.simulation] [main] o.apache.catalina.core.StandardEngine    : Starting Servlet engine: [Apache Tomcat/10.1.49]
2025-11-24T14:16:31.034+01:00  INFO 137562 --- [fr.tp.slr201.projects.robotsim.service.simulation] [main] o.a.c.c.C.[Tomcat].[localhost].[/]       : Initializing Spring embedded WebApplicationContext
2025-11-24T14:16:31.035+01:00  INFO 137562 --- [fr.tp.slr201.projects.robotsim.service.simulation] [main] w.s.c.ServletWebServerApplicationContext : Root WebApplicationContext: initialization completed in 1192 ms
2025-11-24T14:16:31.525+01:00  INFO 137562 --- [fr.tp.slr201.projects.robotsim.service.simulation] [main] o.s.b.w.embedded.tomcat.TomcatWebServer  : Tomcat started on port 8181 (http) with context path '/'
2025-11-24T14:16:31.538+01:00  INFO 137562 --- [fr.tp.slr201.projects.robotsim.service.simulation] [main] f.t.s.p.r.s.simulation.Application       : Started Application in 2.353 seconds (process running for 3.132)
2025-11-24T14:16:59.795+01:00  INFO 137562 --- [fr.tp.slr201.projects.robotsim.service.simulation] [http-nio-8181-exec-1] o.a.c.c.C.[Tomcat].[localhost].[/]       : Initializing Spring DispatcherServlet 'dispatcherServlet'
2025-11-24T14:16:59.796+01:00  INFO 137562 --- [fr.tp.slr201.projects.robotsim.service.simulation] [http-nio-8181-exec-1] o.s.web.servlet.DispatcherServlet        : Initializing Servlet 'dispatcherServlet'
2025-11-24T14:16:59.797+01:00  INFO 137562 --- [fr.tp.slr201.projects.robotsim.service.simulation] [http-nio-8181-exec-1] o.s.web.servlet.DispatcherServlet        : Completed initialization in 1 ms
2025-11-24T14:16:59.848+01:00  INFO 137562 --- [fr.tp.slr201.projects.robotsim.service.simulation] [http-nio-8181-exec-1] f.t.s.p.r.s.s.SimulationController       : Request to start factory simulation for file: /home/lucas/Projects/robotic-factory-simulator/fr.tp.inf112.projects.robotsim/teste9.factory
2025-11-24T14:16:59.911+01:00  INFO 137562 --- [fr.tp.slr201.projects.robotsim.service.simulation] [http-nio-8181-exec-1] f.t.s.p.r.s.s.SimulationController       : Simulation started successfully.
2025-11-24T14:21:36.136+01:00  INFO 137562 --- [fr.tp.slr201.projects.robotsim.service.simulation] [RMI TCP Connection(8)-127.0.0.1] inMXBeanRegistrar$SpringApplicationAdmin : Application shutdown requested.
2025-11-24T14:21:36.140+01:00  INFO 137562 --- [fr.tp.slr201.projects.robotsim.service.simulation] [RMI TCP Connection(8)-127.0.0.1] o.s.b.w.e.tomcat.GracefulShutdown        : Commencing graceful shutdown. Waiting for active requests to complete
2025-11-24T14:21:36.144+01:00  INFO 137562 --- [fr.tp.slr201.projects.robotsim.service.simulation] [tomcat-shutdown] o.s.b.w.e.tomcat.GracefulShutdown        : Graceful shutdown complete
2025-11-24T14:23:22.911+01:00  INFO 138050 --- [fr.tp.slr201.projects.robotsim.service.simulation] [main] f.t.s.p.r.s.simulation.Application       : Starting Application using Java 21.0.9-ea with PID 138050 (/home/lucas/Projects/robotic-factory-simulator/fr.tp.slr201.projects.robotsim.service.simulation/target/classes started by lucas in /home/lucas/Projects/robotic-factory-simulator/fr.tp.slr201.projects.robotsim.service.simulation)
2025-11-24T14:23:22.914+01:00  INFO 138050 --- [fr.tp.slr201.projects.robotsim.service.simulation] [main] f.t.s.p.r.s.simulation.Application       : No active profile set, falling back to 1 default profile: "default"
2025-11-24T14:23:24.149+01:00  INFO 138050 --- [fr.tp.slr201.projects.robotsim.service.simulation] [main] o.s.b.w.embedded.tomcat.TomcatWebServer  : Tomcat initialized with port 8181 (http)
2025-11-24T14:23:24.168+01:00  INFO 138050 --- [fr.tp.slr201.projects.robotsim.service.simulation] [main] o.apache.catalina.core.StandardService   : Starting service [Tomcat]
2025-11-24T14:23:24.169+01:00  INFO 138050 --- [fr.tp.slr201.projects.robotsim.service.simulation] [main] o.apache.catalina.core.StandardEngine    : Starting Servlet engine: [Apache Tomcat/10.1.49]
2025-11-24T14:23:24.220+01:00  INFO 138050 --- [fr.tp.slr201.projects.robotsim.service.simulation] [main] o.a.c.c.C.[Tomcat].[localhost].[/]       : Initializing Spring embedded WebApplicationContext
2025-11-24T14:23:24.221+01:00  INFO 138050 --- [fr.tp.slr201.projects.robotsim.service.simulation] [main] w.s.c.ServletWebServerApplicationContext : Root WebApplicationContext: initialization completed in 1239 ms
2025-11-24T14:23:24.707+01:00  INFO 138050 --- [fr.tp.slr201.projects.robotsim.service.simulation] [main] o.s.b.w.embedded.tomcat.TomcatWebServer  : Tomcat started on port 8181 (http) with context path '/'
2025-11-24T14:23:24.720+01:00  INFO 138050 --- [fr.tp.slr201.projects.robotsim.service.simulation] [main] f.t.s.p.r.s.simulation.Application       : Started Application in 2.368 seconds (process running for 3.154)
2025-11-24T14:23:51.537+01:00  INFO 138050 --- [fr.tp.slr201.projects.robotsim.service.simulation] [http-nio-8181-exec-1] o.a.c.c.C.[Tomcat].[localhost].[/]       : Initializing Spring DispatcherServlet 'dispatcherServlet'
2025-11-24T14:23:51.537+01:00  INFO 138050 --- [fr.tp.slr201.projects.robotsim.service.simulation] [http-nio-8181-exec-1] o.s.web.servlet.DispatcherServlet        : Initializing Servlet 'dispatcherServlet'
2025-11-24T14:23:51.539+01:00  INFO 138050 --- [fr.tp.slr201.projects.robotsim.service.simulation] [http-nio-8181-exec-1] o.s.web.servlet.DispatcherServlet        : Completed initialization in 1 ms
2025-11-24T14:23:51.590+01:00  INFO 138050 --- [fr.tp.slr201.projects.robotsim.service.simulation] [http-nio-8181-exec-1] f.t.s.p.r.s.s.SimulationController       : Request to start factory simulation for file: /home/lucas/Projects/robotic-factory-simulator/fr.tp.inf112.projects.robotsim/teste10.factory
2025-11-24T14:23:51.651+01:00  INFO 138050 --- [fr.tp.slr201.projects.robotsim.service.simulation] [http-nio-8181-exec-1] f.t.s.p.r.s.s.SimulationController       : Simulation started successfully.
2025-11-24T14:25:25.162+01:00  INFO 138050 --- [fr.tp.slr201.projects.robotsim.service.simulation] [RMI TCP Connection(4)-127.0.0.1] inMXBeanRegistrar$SpringApplicationAdmin : Application shutdown requested.
2025-11-24T14:25:25.170+01:00  INFO 138050 --- [fr.tp.slr201.projects.robotsim.service.simulation] [RMI TCP Connection(4)-127.0.0.1] o.s.b.w.e.tomcat.GracefulShutdown        : Commencing graceful shutdown. Waiting for active requests to complete
2025-11-24T14:25:25.175+01:00  INFO 138050 --- [fr.tp.slr201.projects.robotsim.service.simulation] [tomcat-shutdown] o.s.b.w.e.tomcat.GracefulShutdown        : Graceful shutdown complete
2025-11-24T14:26:28.385+01:00  INFO 138347 --- [fr.tp.slr201.projects.robotsim.service.simulation] [main] f.t.s.p.r.s.simulation.Application       : Starting Application using Java 21.0.9-ea with PID 138347 (/home/lucas/Projects/robotic-factory-simulator/fr.tp.slr201.projects.robotsim.service.simulation/target/classes started by lucas in /home/lucas/Projects/robotic-factory-simulator/fr.tp.slr201.projects.robotsim.service.simulation)
2025-11-24T14:26:28.388+01:00  INFO 138347 --- [fr.tp.slr201.projects.robotsim.service.simulation] [main] f.t.s.p.r.s.simulation.Application       : No active profile set, falling back to 1 default profile: "default"
2025-11-24T14:26:29.567+01:00  INFO 138347 --- [fr.tp.slr201.projects.robotsim.service.simulation] [main] o.s.b.w.embedded.tomcat.TomcatWebServer  : Tomcat initialized with port 8181 (http)
2025-11-24T14:26:29.587+01:00  INFO 138347 --- [fr.tp.slr201.projects.robotsim.service.simulation] [main] o.apache.catalina.core.StandardService   : Starting service [Tomcat]
2025-11-24T14:26:29.588+01:00  INFO 138347 --- [fr.tp.slr201.projects.robotsim.service.simulation] [main] o.apache.catalina.core.StandardEngine    : Starting Servlet engine: [Apache Tomcat/10.1.49]
2025-11-24T14:26:29.638+01:00  INFO 138347 --- [fr.tp.slr201.projects.robotsim.service.simulation] [main] o.a.c.c.C.[Tomcat].[localhost].[/]       : Initializing Spring embedded WebApplicationContext
2025-11-24T14:26:29.638+01:00  INFO 138347 --- [fr.tp.slr201.projects.robotsim.service.simulation] [main] w.s.c.ServletWebServerApplicationContext : Root WebApplicationContext: initialization completed in 1177 ms
2025-11-24T14:26:30.122+01:00  INFO 138347 --- [fr.tp.slr201.projects.robotsim.service.simulation] [main] o.s.b.w.embedded.tomcat.TomcatWebServer  : Tomcat started on port 8181 (http) with context path '/'
2025-11-24T14:26:30.135+01:00  INFO 138347 --- [fr.tp.slr201.projects.robotsim.service.simulation] [main] f.t.s.p.r.s.simulation.Application       : Started Application in 2.312 seconds (process running for 3.089)
2025-11-24T14:26:52.383+01:00  INFO 138347 --- [fr.tp.slr201.projects.robotsim.service.simulation] [http-nio-8181-exec-1] o.a.c.c.C.[Tomcat].[localhost].[/]       : Initializing Spring DispatcherServlet 'dispatcherServlet'
2025-11-24T14:26:52.384+01:00  INFO 138347 --- [fr.tp.slr201.projects.robotsim.service.simulation] [http-nio-8181-exec-1] o.s.web.servlet.DispatcherServlet        : Initializing Servlet 'dispatcherServlet'
2025-11-24T14:26:52.386+01:00  INFO 138347 --- [fr.tp.slr201.projects.robotsim.service.simulation] [http-nio-8181-exec-1] o.s.web.servlet.DispatcherServlet        : Completed initialization in 1 ms
2025-11-24T14:26:52.435+01:00  INFO 138347 --- [fr.tp.slr201.projects.robotsim.service.simulation] [http-nio-8181-exec-1] f.t.s.p.r.s.s.SimulationController       : Request to start factory simulation for file: /home/lucas/Projects/robotic-factory-simulator/fr.tp.inf112.projects.robotsim/teste11.factory
2025-11-24T14:26:52.506+01:00  INFO 138347 --- [fr.tp.slr201.projects.robotsim.service.simulation] [http-nio-8181-exec-1] f.t.s.p.r.s.s.SimulationController       : Simulation started successfully.
2025-11-24T14:30:00.175+01:00  INFO 138347 --- [fr.tp.slr201.projects.robotsim.service.simulation] [RMI TCP Connection(7)-127.0.0.1] inMXBeanRegistrar$SpringApplicationAdmin : Application shutdown requested.
2025-11-24T14:30:00.181+01:00  INFO 138347 --- [fr.tp.slr201.projects.robotsim.service.simulation] [RMI TCP Connection(7)-127.0.0.1] o.s.b.w.e.tomcat.GracefulShutdown        : Commencing graceful shutdown. Waiting for active requests to complete
2025-11-24T14:30:00.186+01:00  INFO 138347 --- [fr.tp.slr201.projects.robotsim.service.simulation] [tomcat-shutdown] o.s.b.w.e.tomcat.GracefulShutdown        : Graceful shutdown complete
2025-11-24T14:30:34.973+01:00  INFO 138785 --- [fr.tp.slr201.projects.robotsim.service.simulation] [main] f.t.s.p.r.s.simulation.Application       : Starting Application using Java 21.0.9-ea with PID 138785 (/home/lucas/Projects/robotic-factory-simulator/fr.tp.slr201.projects.robotsim.service.simulation/target/classes started by lucas in /home/lucas/Projects/robotic-factory-simulator/fr.tp.slr201.projects.robotsim.service.simulation)
2025-11-24T14:30:34.976+01:00  INFO 138785 --- [fr.tp.slr201.projects.robotsim.service.simulation] [main] f.t.s.p.r.s.simulation.Application       : No active profile set, falling back to 1 default profile: "default"
2025-11-24T14:30:36.168+01:00  INFO 138785 --- [fr.tp.slr201.projects.robotsim.service.simulation] [main] o.s.b.w.embedded.tomcat.TomcatWebServer  : Tomcat initialized with port 8181 (http)
2025-11-24T14:30:36.188+01:00  INFO 138785 --- [fr.tp.slr201.projects.robotsim.service.simulation] [main] o.apache.catalina.core.StandardService   : Starting service [Tomcat]
2025-11-24T14:30:36.189+01:00  INFO 138785 --- [fr.tp.slr201.projects.robotsim.service.simulation] [main] o.apache.catalina.core.StandardEngine    : Starting Servlet engine: [Apache Tomcat/10.1.49]
2025-11-24T14:30:36.240+01:00  INFO 138785 --- [fr.tp.slr201.projects.robotsim.service.simulation] [main] o.a.c.c.C.[Tomcat].[localhost].[/]       : Initializing Spring embedded WebApplicationContext
2025-11-24T14:30:36.241+01:00  INFO 138785 --- [fr.tp.slr201.projects.robotsim.service.simulation] [main] w.s.c.ServletWebServerApplicationContext : Root WebApplicationContext: initialization completed in 1195 ms
2025-11-24T14:30:36.740+01:00  INFO 138785 --- [fr.tp.slr201.projects.robotsim.service.simulation] [main] o.s.b.w.embedded.tomcat.TomcatWebServer  : Tomcat started on port 8181 (http) with context path '/'
2025-11-24T14:30:36.754+01:00  INFO 138785 --- [fr.tp.slr201.projects.robotsim.service.simulation] [main] f.t.s.p.r.s.simulation.Application       : Started Application in 2.327 seconds (process running for 3.086)
2025-11-24T14:31:02.204+01:00  INFO 138785 --- [fr.tp.slr201.projects.robotsim.service.simulation] [http-nio-8181-exec-1] o.a.c.c.C.[Tomcat].[localhost].[/]       : Initializing Spring DispatcherServlet 'dispatcherServlet'
2025-11-24T14:31:02.205+01:00  INFO 138785 --- [fr.tp.slr201.projects.robotsim.service.simulation] [http-nio-8181-exec-1] o.s.web.servlet.DispatcherServlet        : Initializing Servlet 'dispatcherServlet'
2025-11-24T14:31:02.207+01:00  INFO 138785 --- [fr.tp.slr201.projects.robotsim.service.simulation] [http-nio-8181-exec-1] o.s.web.servlet.DispatcherServlet        : Completed initialization in 1 ms
2025-11-24T14:31:02.257+01:00  INFO 138785 --- [fr.tp.slr201.projects.robotsim.service.simulation] [http-nio-8181-exec-1] f.t.s.p.r.s.s.SimulationController       : Request to start factory simulation for file: /home/lucas/Projects/robotic-factory-simulator/fr.tp.inf112.projects.robotsim/teste12.factory
2025-11-24T14:31:02.309+01:00  INFO 138785 --- [fr.tp.slr201.projects.robotsim.service.simulation] [http-nio-8181-exec-1] f.t.s.p.r.s.s.SimulationController       : Simulation started successfully.
2025-11-24T14:33:08.407+01:00  INFO 138785 --- [fr.tp.slr201.projects.robotsim.service.simulation] [RMI TCP Connection(7)-127.0.0.1] inMXBeanRegistrar$SpringApplicationAdmin : Application shutdown requested.
2025-11-24T14:33:08.413+01:00  INFO 138785 --- [fr.tp.slr201.projects.robotsim.service.simulation] [RMI TCP Connection(7)-127.0.0.1] o.s.b.w.e.tomcat.GracefulShutdown        : Commencing graceful shutdown. Waiting for active requests to complete
2025-11-24T14:33:08.419+01:00  INFO 138785 --- [fr.tp.slr201.projects.robotsim.service.simulation] [tomcat-shutdown] o.s.b.w.e.tomcat.GracefulShutdown        : Graceful shutdown complete
2025-11-24T14:33:25.710+01:00  INFO 139083 --- [fr.tp.slr201.projects.robotsim.service.simulation] [main] f.t.s.p.r.s.simulation.Application       : Starting Application using Java 21.0.9-ea with PID 139083 (/home/lucas/Projects/robotic-factory-simulator/fr.tp.slr201.projects.robotsim.service.simulation/target/classes started by lucas in /home/lucas/Projects/robotic-factory-simulator/fr.tp.slr201.projects.robotsim.service.simulation)
2025-11-24T14:33:25.713+01:00  INFO 139083 --- [fr.tp.slr201.projects.robotsim.service.simulation] [main] f.t.s.p.r.s.simulation.Application       : No active profile set, falling back to 1 default profile: "default"
2025-11-24T14:33:26.906+01:00  INFO 139083 --- [fr.tp.slr201.projects.robotsim.service.simulation] [main] o.s.b.w.embedded.tomcat.TomcatWebServer  : Tomcat initialized with port 8181 (http)
2025-11-24T14:33:26.925+01:00  INFO 139083 --- [fr.tp.slr201.projects.robotsim.service.simulation] [main] o.apache.catalina.core.StandardService   : Starting service [Tomcat]
2025-11-24T14:33:26.926+01:00  INFO 139083 --- [fr.tp.slr201.projects.robotsim.service.simulation] [main] o.apache.catalina.core.StandardEngine    : Starting Servlet engine: [Apache Tomcat/10.1.49]
2025-11-24T14:33:26.977+01:00  INFO 139083 --- [fr.tp.slr201.projects.robotsim.service.simulation] [main] o.a.c.c.C.[Tomcat].[localhost].[/]       : Initializing Spring embedded WebApplicationContext
2025-11-24T14:33:26.978+01:00  INFO 139083 --- [fr.tp.slr201.projects.robotsim.service.simulation] [main] w.s.c.ServletWebServerApplicationContext : Root WebApplicationContext: initialization completed in 1198 ms
2025-11-24T14:33:27.462+01:00  INFO 139083 --- [fr.tp.slr201.projects.robotsim.service.simulation] [main] o.s.b.w.embedded.tomcat.TomcatWebServer  : Tomcat started on port 8181 (http) with context path '/'
2025-11-24T14:33:27.475+01:00  INFO 139083 --- [fr.tp.slr201.projects.robotsim.service.simulation] [main] f.t.s.p.r.s.simulation.Application       : Started Application in 2.327 seconds (process running for 3.067)
2025-11-24T14:33:52.986+01:00  INFO 139083 --- [fr.tp.slr201.projects.robotsim.service.simulation] [http-nio-8181-exec-1] o.a.c.c.C.[Tomcat].[localhost].[/]       : Initializing Spring DispatcherServlet 'dispatcherServlet'
2025-11-24T14:33:52.987+01:00  INFO 139083 --- [fr.tp.slr201.projects.robotsim.service.simulation] [http-nio-8181-exec-1] o.s.web.servlet.DispatcherServlet        : Initializing Servlet 'dispatcherServlet'
2025-11-24T14:33:52.988+01:00  INFO 139083 --- [fr.tp.slr201.projects.robotsim.service.simulation] [http-nio-8181-exec-1] o.s.web.servlet.DispatcherServlet        : Completed initialization in 1 ms
2025-11-24T14:33:53.047+01:00  INFO 139083 --- [fr.tp.slr201.projects.robotsim.service.simulation] [http-nio-8181-exec-1] f.t.s.p.r.s.s.SimulationController       : Request to start factory simulation for file: /home/lucas/Projects/robotic-factory-simulator/fr.tp.inf112.projects.robotsim/teste13.factory
2025-11-24T14:33:53.109+01:00  INFO 139083 --- [fr.tp.slr201.projects.robotsim.service.simulation] [http-nio-8181-exec-1] f.t.s.p.r.s.s.SimulationController       : Simulation started successfully.
2025-11-24T14:34:48.803+01:00  INFO 139083 --- [fr.tp.slr201.projects.robotsim.service.simulation] [RMI TCP Connection(5)-127.0.0.1] inMXBeanRegistrar$SpringApplicationAdmin : Application shutdown requested.
2025-11-24T14:34:48.806+01:00  INFO 139083 --- [fr.tp.slr201.projects.robotsim.service.simulation] [RMI TCP Connection(5)-127.0.0.1] o.s.b.w.e.tomcat.GracefulShutdown        : Commencing graceful shutdown. Waiting for active requests to complete
2025-11-24T14:34:48.812+01:00  INFO 139083 --- [fr.tp.slr201.projects.robotsim.service.simulation] [tomcat-shutdown] o.s.b.w.e.tomcat.GracefulShutdown        : Graceful shutdown complete
2025-11-24T14:35:56.259+01:00  INFO 139368 --- [fr.tp.slr201.projects.robotsim.service.simulation] [main] f.t.s.p.r.s.simulation.Application       : Starting Application using Java 21.0.9-ea with PID 139368 (/home/lucas/Projects/robotic-factory-simulator/fr.tp.slr201.projects.robotsim.service.simulation/target/classes started by lucas in /home/lucas/Projects/robotic-factory-simulator/fr.tp.slr201.projects.robotsim.service.simulation)
2025-11-24T14:35:56.262+01:00  INFO 139368 --- [fr.tp.slr201.projects.robotsim.service.simulation] [main] f.t.s.p.r.s.simulation.Application       : No active profile set, falling back to 1 default profile: "default"
2025-11-24T14:35:57.478+01:00  INFO 139368 --- [fr.tp.slr201.projects.robotsim.service.simulation] [main] o.s.b.w.embedded.tomcat.TomcatWebServer  : Tomcat initialized with port 8181 (http)
2025-11-24T14:35:57.499+01:00  INFO 139368 --- [fr.tp.slr201.projects.robotsim.service.simulation] [main] o.apache.catalina.core.StandardService   : Starting service [Tomcat]
2025-11-24T14:35:57.499+01:00  INFO 139368 --- [fr.tp.slr201.projects.robotsim.service.simulation] [main] o.apache.catalina.core.StandardEngine    : Starting Servlet engine: [Apache Tomcat/10.1.49]
2025-11-24T14:35:57.561+01:00  INFO 139368 --- [fr.tp.slr201.projects.robotsim.service.simulation] [main] o.a.c.c.C.[Tomcat].[localhost].[/]       : Initializing Spring embedded WebApplicationContext
2025-11-24T14:35:57.562+01:00  INFO 139368 --- [fr.tp.slr201.projects.robotsim.service.simulation] [main] w.s.c.ServletWebServerApplicationContext : Root WebApplicationContext: initialization completed in 1226 ms
2025-11-24T14:35:58.123+01:00  INFO 139368 --- [fr.tp.slr201.projects.robotsim.service.simulation] [main] o.s.b.w.embedded.tomcat.TomcatWebServer  : Tomcat started on port 8181 (http) with context path '/'
2025-11-24T14:35:58.136+01:00  INFO 139368 --- [fr.tp.slr201.projects.robotsim.service.simulation] [main] f.t.s.p.r.s.simulation.Application       : Started Application in 2.452 seconds (process running for 3.182)
2025-11-24T14:36:50.652+01:00  INFO 139368 --- [fr.tp.slr201.projects.robotsim.service.simulation] [http-nio-8181-exec-1] o.a.c.c.C.[Tomcat].[localhost].[/]       : Initializing Spring DispatcherServlet 'dispatcherServlet'
2025-11-24T14:36:50.653+01:00  INFO 139368 --- [fr.tp.slr201.projects.robotsim.service.simulation] [http-nio-8181-exec-1] o.s.web.servlet.DispatcherServlet        : Initializing Servlet 'dispatcherServlet'
2025-11-24T14:36:50.656+01:00  INFO 139368 --- [fr.tp.slr201.projects.robotsim.service.simulation] [http-nio-8181-exec-1] o.s.web.servlet.DispatcherServlet        : Completed initialization in 2 ms
2025-11-24T14:36:50.710+01:00  INFO 139368 --- [fr.tp.slr201.projects.robotsim.service.simulation] [http-nio-8181-exec-1] f.t.s.p.r.s.s.SimulationController       : Request to start factory simulation for file: /home/lucas/Projects/robotic-factory-simulator/fr.tp.inf112.projects.robotsim/teste14.factory
2025-11-24T14:36:50.793+01:00  INFO 139368 --- [fr.tp.slr201.projects.robotsim.service.simulation] [http-nio-8181-exec-1] f.t.s.p.r.s.s.SimulationController       : Simulation started successfully.
2025-11-24T14:41:37.691+01:00  INFO 139368 --- [fr.tp.slr201.projects.robotsim.service.simulation] [RMI TCP Connection(9)-127.0.0.1] inMXBeanRegistrar$SpringApplicationAdmin : Application shutdown requested.
2025-11-24T14:41:37.697+01:00  INFO 139368 --- [fr.tp.slr201.projects.robotsim.service.simulation] [RMI TCP Connection(9)-127.0.0.1] o.s.b.w.e.tomcat.GracefulShutdown        : Commencing graceful shutdown. Waiting for active requests to complete
2025-11-24T14:41:37.701+01:00  INFO 139368 --- [fr.tp.slr201.projects.robotsim.service.simulation] [tomcat-shutdown] o.s.b.w.e.tomcat.GracefulShutdown        : Graceful shutdown complete
2025-11-24T14:46:35.035+01:00  INFO 140090 --- [fr.tp.slr201.projects.robotsim.service.simulation] [main] f.t.s.p.r.s.simulation.Application       : Starting Application using Java 21.0.9-ea with PID 140090 (/home/lucas/Projects/robotic-factory-simulator/fr.tp.slr201.projects.robotsim.service.simulation/target/classes started by lucas in /home/lucas/Projects/robotic-factory-simulator/fr.tp.slr201.projects.robotsim.service.simulation)
2025-11-24T14:46:35.037+01:00  INFO 140090 --- [fr.tp.slr201.projects.robotsim.service.simulation] [main] f.t.s.p.r.s.simulation.Application       : No active profile set, falling back to 1 default profile: "default"
2025-11-24T14:46:36.233+01:00  INFO 140090 --- [fr.tp.slr201.projects.robotsim.service.simulation] [main] o.s.b.w.embedded.tomcat.TomcatWebServer  : Tomcat initialized with port 8181 (http)
2025-11-24T14:46:36.253+01:00  INFO 140090 --- [fr.tp.slr201.projects.robotsim.service.simulation] [main] o.apache.catalina.core.StandardService   : Starting service [Tomcat]
2025-11-24T14:46:36.254+01:00  INFO 140090 --- [fr.tp.slr201.projects.robotsim.service.simulation] [main] o.apache.catalina.core.StandardEngine    : Starting Servlet engine: [Apache Tomcat/10.1.49]
2025-11-24T14:46:36.305+01:00  INFO 140090 --- [fr.tp.slr201.projects.robotsim.service.simulation] [main] o.a.c.c.C.[Tomcat].[localhost].[/]       : Initializing Spring embedded WebApplicationContext
2025-11-24T14:46:36.306+01:00  INFO 140090 --- [fr.tp.slr201.projects.robotsim.service.simulation] [main] w.s.c.ServletWebServerApplicationContext : Root WebApplicationContext: initialization completed in 1197 ms
2025-11-24T14:46:36.790+01:00  INFO 140090 --- [fr.tp.slr201.projects.robotsim.service.simulation] [main] o.s.b.w.embedded.tomcat.TomcatWebServer  : Tomcat started on port 8181 (http) with context path '/'
2025-11-24T14:46:36.803+01:00  INFO 140090 --- [fr.tp.slr201.projects.robotsim.service.simulation] [main] f.t.s.p.r.s.simulation.Application       : Started Application in 2.316 seconds (process running for 3.04)
2025-11-24T14:47:02.623+01:00  INFO 140090 --- [fr.tp.slr201.projects.robotsim.service.simulation] [http-nio-8181-exec-1] o.a.c.c.C.[Tomcat].[localhost].[/]       : Initializing Spring DispatcherServlet 'dispatcherServlet'
2025-11-24T14:47:02.623+01:00  INFO 140090 --- [fr.tp.slr201.projects.robotsim.service.simulation] [http-nio-8181-exec-1] o.s.web.servlet.DispatcherServlet        : Initializing Servlet 'dispatcherServlet'
2025-11-24T14:47:02.625+01:00  INFO 140090 --- [fr.tp.slr201.projects.robotsim.service.simulation] [http-nio-8181-exec-1] o.s.web.servlet.DispatcherServlet        : Completed initialization in 1 ms
2025-11-24T14:47:02.681+01:00  INFO 140090 --- [fr.tp.slr201.projects.robotsim.service.simulation] [http-nio-8181-exec-1] f.t.s.p.r.s.s.SimulationController       : Request to start factory simulation for file: /home/lucas/Projects/robotic-factory-simulator/fr.tp.inf112.projects.robotsim/teste15.factory
2025-11-24T14:47:02.765+01:00  INFO 140090 --- [fr.tp.slr201.projects.robotsim.service.simulation] [http-nio-8181-exec-1] f.t.s.p.r.s.s.SimulationController       : Simulation started successfully.
2025-11-24T14:53:50.819+01:00  INFO 140090 --- [fr.tp.slr201.projects.robotsim.service.simulation] [RMI TCP Connection(12)-127.0.0.1] inMXBeanRegistrar$SpringApplicationAdmin : Application shutdown requested.
2025-11-24T14:53:50.826+01:00  INFO 140090 --- [fr.tp.slr201.projects.robotsim.service.simulation] [RMI TCP Connection(12)-127.0.0.1] o.s.b.w.e.tomcat.GracefulShutdown        : Commencing graceful shutdown. Waiting for active requests to complete
2025-11-24T14:53:50.832+01:00  INFO 140090 --- [fr.tp.slr201.projects.robotsim.service.simulation] [tomcat-shutdown] o.s.b.w.e.tomcat.GracefulShutdown        : Graceful shutdown complete
2025-11-24T14:54:04.121+01:00  INFO 140579 --- [fr.tp.slr201.projects.robotsim.service.simulation] [main] f.t.s.p.r.s.simulation.Application       : Starting Application using Java 21.0.9-ea with PID 140579 (/home/lucas/Projects/robotic-factory-simulator/fr.tp.slr201.projects.robotsim.service.simulation/target/classes started by lucas in /home/lucas/Projects/robotic-factory-simulator/fr.tp.slr201.projects.robotsim.service.simulation)
2025-11-24T14:54:04.124+01:00  INFO 140579 --- [fr.tp.slr201.projects.robotsim.service.simulation] [main] f.t.s.p.r.s.simulation.Application       : No active profile set, falling back to 1 default profile: "default"
2025-11-24T14:54:05.315+01:00  INFO 140579 --- [fr.tp.slr201.projects.robotsim.service.simulation] [main] o.s.b.w.embedded.tomcat.TomcatWebServer  : Tomcat initialized with port 8181 (http)
2025-11-24T14:54:05.335+01:00  INFO 140579 --- [fr.tp.slr201.projects.robotsim.service.simulation] [main] o.apache.catalina.core.StandardService   : Starting service [Tomcat]
2025-11-24T14:54:05.336+01:00  INFO 140579 --- [fr.tp.slr201.projects.robotsim.service.simulation] [main] o.apache.catalina.core.StandardEngine    : Starting Servlet engine: [Apache Tomcat/10.1.49]
2025-11-24T14:54:05.385+01:00  INFO 140579 --- [fr.tp.slr201.projects.robotsim.service.simulation] [main] o.a.c.c.C.[Tomcat].[localhost].[/]       : Initializing Spring embedded WebApplicationContext
2025-11-24T14:54:05.386+01:00  INFO 140579 --- [fr.tp.slr201.projects.robotsim.service.simulation] [main] w.s.c.ServletWebServerApplicationContext : Root WebApplicationContext: initialization completed in 1188 ms
2025-11-24T14:54:05.883+01:00  INFO 140579 --- [fr.tp.slr201.projects.robotsim.service.simulation] [main] o.s.b.w.embedded.tomcat.TomcatWebServer  : Tomcat started on port 8181 (http) with context path '/'
2025-11-24T14:54:05.895+01:00  INFO 140579 --- [fr.tp.slr201.projects.robotsim.service.simulation] [main] f.t.s.p.r.s.simulation.Application       : Started Application in 2.329 seconds (process running for 3.053)
2025-11-24T14:54:35.198+01:00  INFO 140579 --- [fr.tp.slr201.projects.robotsim.service.simulation] [http-nio-8181-exec-1] o.a.c.c.C.[Tomcat].[localhost].[/]       : Initializing Spring DispatcherServlet 'dispatcherServlet'
2025-11-24T14:54:35.198+01:00  INFO 140579 --- [fr.tp.slr201.projects.robotsim.service.simulation] [http-nio-8181-exec-1] o.s.web.servlet.DispatcherServlet        : Initializing Servlet 'dispatcherServlet'
2025-11-24T14:54:35.200+01:00  INFO 140579 --- [fr.tp.slr201.projects.robotsim.service.simulation] [http-nio-8181-exec-1] o.s.web.servlet.DispatcherServlet        : Completed initialization in 1 ms
2025-11-24T14:54:35.256+01:00  INFO 140579 --- [fr.tp.slr201.projects.robotsim.service.simulation] [http-nio-8181-exec-1] f.t.s.p.r.s.s.SimulationController       : Request to start factory simulation for file: /home/lucas/Projects/robotic-factory-simulator/fr.tp.inf112.projects.robotsim/teste16.factory
2025-11-24T14:54:39.173+01:00  INFO 140579 --- [fr.tp.slr201.projects.robotsim.service.simulation] [http-nio-8181-exec-1] f.t.s.p.r.s.s.SimulationController       : Simulation started successfully.
2025-11-24T14:57:41.255+01:00  INFO 140579 --- [fr.tp.slr201.projects.robotsim.service.simulation] [RMI TCP Connection(8)-127.0.0.1] inMXBeanRegistrar$SpringApplicationAdmin : Application shutdown requested.
2025-11-24T14:57:41.260+01:00  INFO 140579 --- [fr.tp.slr201.projects.robotsim.service.simulation] [RMI TCP Connection(8)-127.0.0.1] o.s.b.w.e.tomcat.GracefulShutdown        : Commencing graceful shutdown. Waiting for active requests to complete
2025-11-24T14:57:41.264+01:00  INFO 140579 --- [fr.tp.slr201.projects.robotsim.service.simulation] [tomcat-shutdown] o.s.b.w.e.tomcat.GracefulShutdown        : Graceful shutdown complete
2025-11-24T14:57:53.068+01:00  INFO 140886 --- [fr.tp.slr201.projects.robotsim.service.simulation] [main] f.t.s.p.r.s.simulation.Application       : Starting Application using Java 21.0.9-ea with PID 140886 (/home/lucas/Projects/robotic-factory-simulator/fr.tp.slr201.projects.robotsim.service.simulation/target/classes started by lucas in /home/lucas/Projects/robotic-factory-simulator/fr.tp.slr201.projects.robotsim.service.simulation)
2025-11-24T14:57:53.071+01:00  INFO 140886 --- [fr.tp.slr201.projects.robotsim.service.simulation] [main] f.t.s.p.r.s.simulation.Application       : No active profile set, falling back to 1 default profile: "default"
2025-11-24T14:57:54.275+01:00  INFO 140886 --- [fr.tp.slr201.projects.robotsim.service.simulation] [main] o.s.b.w.embedded.tomcat.TomcatWebServer  : Tomcat initialized with port 8181 (http)
2025-11-24T14:57:54.295+01:00  INFO 140886 --- [fr.tp.slr201.projects.robotsim.service.simulation] [main] o.apache.catalina.core.StandardService   : Starting service [Tomcat]
2025-11-24T14:57:54.296+01:00  INFO 140886 --- [fr.tp.slr201.projects.robotsim.service.simulation] [main] o.apache.catalina.core.StandardEngine    : Starting Servlet engine: [Apache Tomcat/10.1.49]
2025-11-24T14:57:54.346+01:00  INFO 140886 --- [fr.tp.slr201.projects.robotsim.service.simulation] [main] o.a.c.c.C.[Tomcat].[localhost].[/]       : Initializing Spring embedded WebApplicationContext
2025-11-24T14:57:54.347+01:00  INFO 140886 --- [fr.tp.slr201.projects.robotsim.service.simulation] [main] w.s.c.ServletWebServerApplicationContext : Root WebApplicationContext: initialization completed in 1207 ms
2025-11-24T14:57:54.860+01:00  INFO 140886 --- [fr.tp.slr201.projects.robotsim.service.simulation] [main] o.s.b.w.embedded.tomcat.TomcatWebServer  : Tomcat started on port 8181 (http) with context path '/'
2025-11-24T14:57:54.873+01:00  INFO 140886 --- [fr.tp.slr201.projects.robotsim.service.simulation] [main] f.t.s.p.r.s.simulation.Application       : Started Application in 2.392 seconds (process running for 3.144)
2025-11-24T14:58:16.438+01:00  INFO 140886 --- [fr.tp.slr201.projects.robotsim.service.simulation] [http-nio-8181-exec-1] o.a.c.c.C.[Tomcat].[localhost].[/]       : Initializing Spring DispatcherServlet 'dispatcherServlet'
2025-11-24T14:58:16.439+01:00  INFO 140886 --- [fr.tp.slr201.projects.robotsim.service.simulation] [http-nio-8181-exec-1] o.s.web.servlet.DispatcherServlet        : Initializing Servlet 'dispatcherServlet'
2025-11-24T14:58:16.440+01:00  INFO 140886 --- [fr.tp.slr201.projects.robotsim.service.simulation] [http-nio-8181-exec-1] o.s.web.servlet.DispatcherServlet        : Completed initialization in 1 ms
2025-11-24T14:58:16.491+01:00  INFO 140886 --- [fr.tp.slr201.projects.robotsim.service.simulation] [http-nio-8181-exec-1] f.t.s.p.r.s.s.SimulationController       : Request to start factory simulation for file: /home/lucas/Projects/robotic-factory-simulator/fr.tp.inf112.projects.robotsim/teste17.factory
2025-11-24T14:58:21.279+01:00  INFO 140886 --- [fr.tp.slr201.projects.robotsim.service.simulation] [http-nio-8181-exec-1] f.t.s.p.r.s.s.SimulationController       : Simulation started successfully.
2025-11-24T14:58:32.422+01:00  INFO 140886 --- [fr.tp.slr201.projects.robotsim.service.simulation] [RMI TCP Connection(4)-127.0.0.1] inMXBeanRegistrar$SpringApplicationAdmin : Application shutdown requested.
2025-11-24T14:58:32.426+01:00  INFO 140886 --- [fr.tp.slr201.projects.robotsim.service.simulation] [RMI TCP Connection(4)-127.0.0.1] o.s.b.w.e.tomcat.GracefulShutdown        : Commencing graceful shutdown. Waiting for active requests to complete
2025-11-24T14:58:32.431+01:00  INFO 140886 --- [fr.tp.slr201.projects.robotsim.service.simulation] [tomcat-shutdown] o.s.b.w.e.tomcat.GracefulShutdown        : Graceful shutdown complete
2025-11-24T15:03:04.923+01:00  INFO 141334 --- [fr.tp.slr201.projects.robotsim.service.simulation] [main] f.t.s.p.r.s.simulation.Application       : Starting Application using Java 21.0.9-ea with PID 141334 (/home/lucas/Projects/robotic-factory-simulator/fr.tp.slr201.projects.robotsim.service.simulation/target/classes started by lucas in /home/lucas/Projects/robotic-factory-simulator/fr.tp.slr201.projects.robotsim.service.simulation)
2025-11-24T15:03:04.926+01:00  INFO 141334 --- [fr.tp.slr201.projects.robotsim.service.simulation] [main] f.t.s.p.r.s.simulation.Application       : No active profile set, falling back to 1 default profile: "default"
2025-11-24T15:03:06.138+01:00  INFO 141334 --- [fr.tp.slr201.projects.robotsim.service.simulation] [main] o.s.b.w.embedded.tomcat.TomcatWebServer  : Tomcat initialized with port 8181 (http)
2025-11-24T15:03:06.158+01:00  INFO 141334 --- [fr.tp.slr201.projects.robotsim.service.simulation] [main] o.apache.catalina.core.StandardService   : Starting service [Tomcat]
2025-11-24T15:03:06.159+01:00  INFO 141334 --- [fr.tp.slr201.projects.robotsim.service.simulation] [main] o.apache.catalina.core.StandardEngine    : Starting Servlet engine: [Apache Tomcat/10.1.49]
2025-11-24T15:03:06.208+01:00  INFO 141334 --- [fr.tp.slr201.projects.robotsim.service.simulation] [main] o.a.c.c.C.[Tomcat].[localhost].[/]       : Initializing Spring embedded WebApplicationContext
2025-11-24T15:03:06.209+01:00  INFO 141334 --- [fr.tp.slr201.projects.robotsim.service.simulation] [main] w.s.c.ServletWebServerApplicationContext : Root WebApplicationContext: initialization completed in 1212 ms
2025-11-24T15:03:06.687+01:00  INFO 141334 --- [fr.tp.slr201.projects.robotsim.service.simulation] [main] o.s.b.w.embedded.tomcat.TomcatWebServer  : Tomcat started on port 8181 (http) with context path '/'
2025-11-24T15:03:06.700+01:00  INFO 141334 --- [fr.tp.slr201.projects.robotsim.service.simulation] [main] f.t.s.p.r.s.simulation.Application       : Started Application in 2.361 seconds (process running for 3.085)
2025-11-24T15:03:29.168+01:00  INFO 141334 --- [fr.tp.slr201.projects.robotsim.service.simulation] [http-nio-8181-exec-1] o.a.c.c.C.[Tomcat].[localhost].[/]       : Initializing Spring DispatcherServlet 'dispatcherServlet'
2025-11-24T15:03:29.169+01:00  INFO 141334 --- [fr.tp.slr201.projects.robotsim.service.simulation] [http-nio-8181-exec-1] o.s.web.servlet.DispatcherServlet        : Initializing Servlet 'dispatcherServlet'
2025-11-24T15:03:29.172+01:00  INFO 141334 --- [fr.tp.slr201.projects.robotsim.service.simulation] [http-nio-8181-exec-1] o.s.web.servlet.DispatcherServlet        : Completed initialization in 2 ms
2025-11-24T15:03:29.243+01:00  INFO 141334 --- [fr.tp.slr201.projects.robotsim.service.simulation] [http-nio-8181-exec-1] f.t.s.p.r.s.s.SimulationController       : Request to start factory simulation for file: /home/lucas/Projects/robotic-factory-simulator/fr.tp.inf112.projects.robotsim/teste18.factory
2025-11-24T15:03:34.338+01:00  INFO 141334 --- [fr.tp.slr201.projects.robotsim.service.simulation] [http-nio-8181-exec-1] f.t.s.p.r.s.s.SimulationController       : Simulation started successfully.
2025-11-24T15:03:40.866+01:00  INFO 141334 --- [fr.tp.slr201.projects.robotsim.service.simulation] [RMI TCP Connection(4)-127.0.0.1] inMXBeanRegistrar$SpringApplicationAdmin : Application shutdown requested.
2025-11-24T15:03:40.870+01:00  INFO 141334 --- [fr.tp.slr201.projects.robotsim.service.simulation] [RMI TCP Connection(4)-127.0.0.1] o.s.b.w.e.tomcat.GracefulShutdown        : Commencing graceful shutdown. Waiting for active requests to complete
2025-11-24T15:03:40.875+01:00  INFO 141334 --- [fr.tp.slr201.projects.robotsim.service.simulation] [tomcat-shutdown] o.s.b.w.e.tomcat.GracefulShutdown        : Graceful shutdown complete
2025-11-24T15:05:38.169+01:00  INFO 141680 --- [fr.tp.slr201.projects.robotsim.service.simulation] [main] f.t.s.p.r.s.simulation.Application       : Starting Application using Java 21.0.9-ea with PID 141680 (/home/lucas/Projects/robotic-factory-simulator/fr.tp.slr201.projects.robotsim.service.simulation/target/classes started by lucas in /home/lucas/Projects/robotic-factory-simulator/fr.tp.slr201.projects.robotsim.service.simulation)
2025-11-24T15:05:38.172+01:00  INFO 141680 --- [fr.tp.slr201.projects.robotsim.service.simulation] [main] f.t.s.p.r.s.simulation.Application       : No active profile set, falling back to 1 default profile: "default"
2025-11-24T15:05:39.342+01:00  INFO 141680 --- [fr.tp.slr201.projects.robotsim.service.simulation] [main] o.s.b.w.embedded.tomcat.TomcatWebServer  : Tomcat initialized with port 8181 (http)
2025-11-24T15:05:39.362+01:00  INFO 141680 --- [fr.tp.slr201.projects.robotsim.service.simulation] [main] o.apache.catalina.core.StandardService   : Starting service [Tomcat]
2025-11-24T15:05:39.363+01:00  INFO 141680 --- [fr.tp.slr201.projects.robotsim.service.simulation] [main] o.apache.catalina.core.StandardEngine    : Starting Servlet engine: [Apache Tomcat/10.1.49]
2025-11-24T15:05:39.413+01:00  INFO 141680 --- [fr.tp.slr201.projects.robotsim.service.simulation] [main] o.a.c.c.C.[Tomcat].[localhost].[/]       : Initializing Spring embedded WebApplicationContext
2025-11-24T15:05:39.414+01:00  INFO 141680 --- [fr.tp.slr201.projects.robotsim.service.simulation] [main] w.s.c.ServletWebServerApplicationContext : Root WebApplicationContext: initialization completed in 1171 ms
2025-11-24T15:05:39.939+01:00  INFO 141680 --- [fr.tp.slr201.projects.robotsim.service.simulation] [main] o.s.b.w.embedded.tomcat.TomcatWebServer  : Tomcat started on port 8181 (http) with context path '/'
2025-11-24T15:05:39.952+01:00  INFO 141680 --- [fr.tp.slr201.projects.robotsim.service.simulation] [main] f.t.s.p.r.s.simulation.Application       : Started Application in 2.317 seconds (process running for 3.063)
2025-11-24T15:06:04.952+01:00  INFO 141680 --- [fr.tp.slr201.projects.robotsim.service.simulation] [http-nio-8181-exec-1] o.a.c.c.C.[Tomcat].[localhost].[/]       : Initializing Spring DispatcherServlet 'dispatcherServlet'
2025-11-24T15:06:04.952+01:00  INFO 141680 --- [fr.tp.slr201.projects.robotsim.service.simulation] [http-nio-8181-exec-1] o.s.web.servlet.DispatcherServlet        : Initializing Servlet 'dispatcherServlet'
2025-11-24T15:06:04.954+01:00  INFO 141680 --- [fr.tp.slr201.projects.robotsim.service.simulation] [http-nio-8181-exec-1] o.s.web.servlet.DispatcherServlet        : Completed initialization in 1 ms
2025-11-24T15:06:05.004+01:00  INFO 141680 --- [fr.tp.slr201.projects.robotsim.service.simulation] [http-nio-8181-exec-1] f.t.s.p.r.s.s.SimulationController       : Request to start factory simulation for file: /home/lucas/Projects/robotic-factory-simulator/fr.tp.inf112.projects.robotsim/teste20.factory
2025-11-24T15:06:09.726+01:00  INFO 141680 --- [fr.tp.slr201.projects.robotsim.service.simulation] [http-nio-8181-exec-1] f.t.s.p.r.s.s.SimulationController       : Simulation started successfully.
2025-11-24T15:06:54.047+01:00  INFO 141680 --- [fr.tp.slr201.projects.robotsim.service.simulation] [RMI TCP Connection(5)-127.0.0.1] inMXBeanRegistrar$SpringApplicationAdmin : Application shutdown requested.
2025-11-24T15:06:54.051+01:00  INFO 141680 --- [fr.tp.slr201.projects.robotsim.service.simulation] [RMI TCP Connection(5)-127.0.0.1] o.s.b.w.e.tomcat.GracefulShutdown        : Commencing graceful shutdown. Waiting for active requests to complete
2025-11-24T15:06:54.055+01:00  INFO 141680 --- [fr.tp.slr201.projects.robotsim.service.simulation] [tomcat-shutdown] o.s.b.w.e.tomcat.GracefulShutdown        : Graceful shutdown complete
2025-11-24T15:08:11.966+01:00  INFO 141976 --- [fr.tp.slr201.projects.robotsim.service.simulation] [main] f.t.s.p.r.s.simulation.Application       : Starting Application using Java 21.0.9-ea with PID 141976 (/home/lucas/Projects/robotic-factory-simulator/fr.tp.slr201.projects.robotsim.service.simulation/target/classes started by lucas in /home/lucas/Projects/robotic-factory-simulator/fr.tp.slr201.projects.robotsim.service.simulation)
2025-11-24T15:08:11.969+01:00  INFO 141976 --- [fr.tp.slr201.projects.robotsim.service.simulation] [main] f.t.s.p.r.s.simulation.Application       : No active profile set, falling back to 1 default profile: "default"
2025-11-24T15:08:13.191+01:00  INFO 141976 --- [fr.tp.slr201.projects.robotsim.service.simulation] [main] o.s.b.w.embedded.tomcat.TomcatWebServer  : Tomcat initialized with port 8181 (http)
2025-11-24T15:08:13.212+01:00  INFO 141976 --- [fr.tp.slr201.projects.robotsim.service.simulation] [main] o.apache.catalina.core.StandardService   : Starting service [Tomcat]
2025-11-24T15:08:13.213+01:00  INFO 141976 --- [fr.tp.slr201.projects.robotsim.service.simulation] [main] o.apache.catalina.core.StandardEngine    : Starting Servlet engine: [Apache Tomcat/10.1.49]
2025-11-24T15:08:13.265+01:00  INFO 141976 --- [fr.tp.slr201.projects.robotsim.service.simulation] [main] o.a.c.c.C.[Tomcat].[localhost].[/]       : Initializing Spring embedded WebApplicationContext
2025-11-24T15:08:13.266+01:00  INFO 141976 --- [fr.tp.slr201.projects.robotsim.service.simulation] [main] w.s.c.ServletWebServerApplicationContext : Root WebApplicationContext: initialization completed in 1224 ms
2025-11-24T15:08:13.756+01:00  INFO 141976 --- [fr.tp.slr201.projects.robotsim.service.simulation] [main] o.s.b.w.embedded.tomcat.TomcatWebServer  : Tomcat started on port 8181 (http) with context path '/'
2025-11-24T15:08:13.769+01:00  INFO 141976 --- [fr.tp.slr201.projects.robotsim.service.simulation] [main] f.t.s.p.r.s.simulation.Application       : Started Application in 2.369 seconds (process running for 3.134)
2025-11-24T15:08:22.608+01:00  INFO 141976 --- [fr.tp.slr201.projects.robotsim.service.simulation] [RMI TCP Connection(2)-127.0.0.1] inMXBeanRegistrar$SpringApplicationAdmin : Application shutdown requested.
2025-11-24T15:08:22.614+01:00  INFO 141976 --- [fr.tp.slr201.projects.robotsim.service.simulation] [RMI TCP Connection(2)-127.0.0.1] o.s.b.w.e.tomcat.GracefulShutdown        : Commencing graceful shutdown. Waiting for active requests to complete
2025-11-24T15:08:22.624+01:00  INFO 141976 --- [fr.tp.slr201.projects.robotsim.service.simulation] [tomcat-shutdown] o.s.b.w.e.tomcat.GracefulShutdown        : Graceful shutdown complete
2025-11-24T15:10:47.627+01:00  INFO 142697 --- [fr.tp.slr201.projects.robotsim.service.simulation] [main] f.t.s.p.r.s.simulation.Application       : Starting Application using Java 21.0.9-ea with PID 142697 (/home/lucas/Projects/robotic-factory-simulator/fr.tp.slr201.projects.robotsim.service.simulation/target/classes started by lucas in /home/lucas/Projects/robotic-factory-simulator/fr.tp.slr201.projects.robotsim.service.simulation)
2025-11-24T15:10:47.630+01:00  INFO 142697 --- [fr.tp.slr201.projects.robotsim.service.simulation] [main] f.t.s.p.r.s.simulation.Application       : No active profile set, falling back to 1 default profile: "default"
2025-11-24T15:10:48.894+01:00  INFO 142697 --- [fr.tp.slr201.projects.robotsim.service.simulation] [main] o.s.b.w.embedded.tomcat.TomcatWebServer  : Tomcat initialized with port 8181 (http)
2025-11-24T15:10:48.914+01:00  INFO 142697 --- [fr.tp.slr201.projects.robotsim.service.simulation] [main] o.apache.catalina.core.StandardService   : Starting service [Tomcat]
2025-11-24T15:10:48.915+01:00  INFO 142697 --- [fr.tp.slr201.projects.robotsim.service.simulation] [main] o.apache.catalina.core.StandardEngine    : Starting Servlet engine: [Apache Tomcat/10.1.49]
2025-11-24T15:10:48.966+01:00  INFO 142697 --- [fr.tp.slr201.projects.robotsim.service.simulation] [main] o.a.c.c.C.[Tomcat].[localhost].[/]       : Initializing Spring embedded WebApplicationContext
2025-11-24T15:10:48.967+01:00  INFO 142697 --- [fr.tp.slr201.projects.robotsim.service.simulation] [main] w.s.c.ServletWebServerApplicationContext : Root WebApplicationContext: initialization completed in 1220 ms
2025-11-24T15:10:49.490+01:00  INFO 142697 --- [fr.tp.slr201.projects.robotsim.service.simulation] [main] o.s.b.w.embedded.tomcat.TomcatWebServer  : Tomcat started on port 8181 (http) with context path '/'
2025-11-24T15:10:49.503+01:00  INFO 142697 --- [fr.tp.slr201.projects.robotsim.service.simulation] [main] f.t.s.p.r.s.simulation.Application       : Started Application in 2.446 seconds (process running for 3.251)
2025-11-24T15:11:12.743+01:00  INFO 142697 --- [fr.tp.slr201.projects.robotsim.service.simulation] [http-nio-8181-exec-1] o.a.c.c.C.[Tomcat].[localhost].[/]       : Initializing Spring DispatcherServlet 'dispatcherServlet'
2025-11-24T15:11:12.744+01:00  INFO 142697 --- [fr.tp.slr201.projects.robotsim.service.simulation] [http-nio-8181-exec-1] o.s.web.servlet.DispatcherServlet        : Initializing Servlet 'dispatcherServlet'
2025-11-24T15:11:12.745+01:00  INFO 142697 --- [fr.tp.slr201.projects.robotsim.service.simulation] [http-nio-8181-exec-1] o.s.web.servlet.DispatcherServlet        : Completed initialization in 1 ms
2025-11-24T15:11:12.797+01:00  INFO 142697 --- [fr.tp.slr201.projects.robotsim.service.simulation] [http-nio-8181-exec-1] f.t.s.p.r.s.s.SimulationController       : Request to start factory simulation for file: /home/lucas/Projects/robotic-factory-simulator/fr.tp.inf112.projects.robotsim/teste21.factory
2025-11-24T15:11:17.013+01:00  INFO 142697 --- [fr.tp.slr201.projects.robotsim.service.simulation] [http-nio-8181-exec-1] f.t.s.p.r.s.s.SimulationController       : Simulation started successfully.
2025-11-24T15:11:38.460+01:00  INFO 142697 --- [fr.tp.slr201.projects.robotsim.service.simulation] [RMI TCP Connection(4)-127.0.0.1] inMXBeanRegistrar$SpringApplicationAdmin : Application shutdown requested.
2025-11-24T15:11:38.464+01:00  INFO 142697 --- [fr.tp.slr201.projects.robotsim.service.simulation] [RMI TCP Connection(4)-127.0.0.1] o.s.b.w.e.tomcat.GracefulShutdown        : Commencing graceful shutdown. Waiting for active requests to complete
2025-11-24T15:11:38.470+01:00  INFO 142697 --- [fr.tp.slr201.projects.robotsim.service.simulation] [tomcat-shutdown] o.s.b.w.e.tomcat.GracefulShutdown        : Graceful shutdown complete
2025-11-24T15:22:48.942+01:00  INFO 143408 --- [fr.tp.slr201.projects.robotsim.service.simulation] [main] f.t.s.p.r.s.simulation.Application       : Starting Application using Java 21.0.9-ea with PID 143408 (/home/lucas/Projects/robotic-factory-simulator/fr.tp.slr201.projects.robotsim.service.simulation/target/classes started by lucas in /home/lucas/Projects/robotic-factory-simulator/fr.tp.slr201.projects.robotsim.service.simulation)
2025-11-24T15:22:48.945+01:00  INFO 143408 --- [fr.tp.slr201.projects.robotsim.service.simulation] [main] f.t.s.p.r.s.simulation.Application       : No active profile set, falling back to 1 default profile: "default"
2025-11-24T15:22:50.115+01:00  INFO 143408 --- [fr.tp.slr201.projects.robotsim.service.simulation] [main] o.s.b.w.embedded.tomcat.TomcatWebServer  : Tomcat initialized with port 8181 (http)
2025-11-24T15:22:50.135+01:00  INFO 143408 --- [fr.tp.slr201.projects.robotsim.service.simulation] [main] o.apache.catalina.core.StandardService   : Starting service [Tomcat]
2025-11-24T15:22:50.136+01:00  INFO 143408 --- [fr.tp.slr201.projects.robotsim.service.simulation] [main] o.apache.catalina.core.StandardEngine    : Starting Servlet engine: [Apache Tomcat/10.1.49]
2025-11-24T15:22:50.207+01:00  INFO 143408 --- [fr.tp.slr201.projects.robotsim.service.simulation] [main] o.a.c.c.C.[Tomcat].[localhost].[/]       : Initializing Spring embedded WebApplicationContext
2025-11-24T15:22:50.208+01:00  INFO 143408 --- [fr.tp.slr201.projects.robotsim.service.simulation] [main] w.s.c.ServletWebServerApplicationContext : Root WebApplicationContext: initialization completed in 1196 ms
2025-11-24T15:22:50.668+01:00  INFO 143408 --- [fr.tp.slr201.projects.robotsim.service.simulation] [main] o.s.b.w.embedded.tomcat.TomcatWebServer  : Tomcat started on port 8181 (http) with context path '/'
2025-11-24T15:22:50.680+01:00  INFO 143408 --- [fr.tp.slr201.projects.robotsim.service.simulation] [main] f.t.s.p.r.s.simulation.Application       : Started Application in 2.292 seconds (process running for 3.07)
2025-11-24T15:24:31.262+01:00  INFO 143408 --- [fr.tp.slr201.projects.robotsim.service.simulation] [RMI TCP Connection(5)-127.0.0.1] inMXBeanRegistrar$SpringApplicationAdmin : Application shutdown requested.
2025-11-24T15:24:31.266+01:00  INFO 143408 --- [fr.tp.slr201.projects.robotsim.service.simulation] [RMI TCP Connection(5)-127.0.0.1] o.s.b.w.e.tomcat.GracefulShutdown        : Commencing graceful shutdown. Waiting for active requests to complete
2025-11-24T15:24:31.276+01:00  INFO 143408 --- [fr.tp.slr201.projects.robotsim.service.simulation] [tomcat-shutdown] o.s.b.w.e.tomcat.GracefulShutdown        : Graceful shutdown complete
2025-11-24T15:28:40.704+01:00  INFO 143844 --- [fr.tp.slr201.projects.robotsim.service.simulation] [main] f.t.s.p.r.s.simulation.Application       : Starting Application using Java 21.0.9-ea with PID 143844 (/home/lucas/Projects/robotic-factory-simulator/fr.tp.slr201.projects.robotsim.service.simulation/target/classes started by lucas in /home/lucas/Projects/robotic-factory-simulator/fr.tp.slr201.projects.robotsim.service.simulation)
2025-11-24T15:28:40.707+01:00  INFO 143844 --- [fr.tp.slr201.projects.robotsim.service.simulation] [main] f.t.s.p.r.s.simulation.Application       : No active profile set, falling back to 1 default profile: "default"
2025-11-24T15:28:41.847+01:00  INFO 143844 --- [fr.tp.slr201.projects.robotsim.service.simulation] [main] o.s.b.w.embedded.tomcat.TomcatWebServer  : Tomcat initialized with port 8181 (http)
2025-11-24T15:28:41.866+01:00  INFO 143844 --- [fr.tp.slr201.projects.robotsim.service.simulation] [main] o.apache.catalina.core.StandardService   : Starting service [Tomcat]
2025-11-24T15:28:41.867+01:00  INFO 143844 --- [fr.tp.slr201.projects.robotsim.service.simulation] [main] o.apache.catalina.core.StandardEngine    : Starting Servlet engine: [Apache Tomcat/10.1.49]
2025-11-24T15:28:41.914+01:00  INFO 143844 --- [fr.tp.slr201.projects.robotsim.service.simulation] [main] o.a.c.c.C.[Tomcat].[localhost].[/]       : Initializing Spring embedded WebApplicationContext
2025-11-24T15:28:41.915+01:00  INFO 143844 --- [fr.tp.slr201.projects.robotsim.service.simulation] [main] w.s.c.ServletWebServerApplicationContext : Root WebApplicationContext: initialization completed in 1139 ms
2025-11-24T15:28:42.382+01:00  INFO 143844 --- [fr.tp.slr201.projects.robotsim.service.simulation] [main] o.s.b.w.embedded.tomcat.TomcatWebServer  : Tomcat started on port 8181 (http) with context path '/'
2025-11-24T15:28:42.395+01:00  INFO 143844 --- [fr.tp.slr201.projects.robotsim.service.simulation] [main] f.t.s.p.r.s.simulation.Application       : Started Application in 2.246 seconds (process running for 2.969)
2025-11-24T15:29:11.063+01:00  INFO 143844 --- [fr.tp.slr201.projects.robotsim.service.simulation] [http-nio-8181-exec-1] o.a.c.c.C.[Tomcat].[localhost].[/]       : Initializing Spring DispatcherServlet 'dispatcherServlet'
2025-11-24T15:29:11.063+01:00  INFO 143844 --- [fr.tp.slr201.projects.robotsim.service.simulation] [http-nio-8181-exec-1] o.s.web.servlet.DispatcherServlet        : Initializing Servlet 'dispatcherServlet'
2025-11-24T15:29:11.064+01:00  INFO 143844 --- [fr.tp.slr201.projects.robotsim.service.simulation] [http-nio-8181-exec-1] o.s.web.servlet.DispatcherServlet        : Completed initialization in 1 ms
2025-11-24T15:29:11.114+01:00  INFO 143844 --- [fr.tp.slr201.projects.robotsim.service.simulation] [http-nio-8181-exec-1] f.t.s.p.r.s.s.SimulationController       : Request to start factory simulation for file: /home/lucas/Projects/robotic-factory-simulator/fr.tp.inf112.projects.robotsim/teste25.factory
2025-11-24T15:29:15.499+01:00  INFO 143844 --- [fr.tp.slr201.projects.robotsim.service.simulation] [http-nio-8181-exec-1] f.t.s.p.r.s.s.SimulationController       : Simulation started successfully.
2025-11-24T15:29:33.593+01:00  INFO 143844 --- [fr.tp.slr201.projects.robotsim.service.simulation] [RMI TCP Connection(5)-127.0.0.1] inMXBeanRegistrar$SpringApplicationAdmin : Application shutdown requested.
2025-11-24T15:29:33.596+01:00  INFO 143844 --- [fr.tp.slr201.projects.robotsim.service.simulation] [RMI TCP Connection(5)-127.0.0.1] o.s.b.w.e.tomcat.GracefulShutdown        : Commencing graceful shutdown. Waiting for active requests to complete
2025-11-24T15:29:33.600+01:00  INFO 143844 --- [fr.tp.slr201.projects.robotsim.service.simulation] [tomcat-shutdown] o.s.b.w.e.tomcat.GracefulShutdown        : Graceful shutdown complete
2025-11-24T15:32:17.967+01:00  INFO 144169 --- [fr.tp.slr201.projects.robotsim.service.simulation] [main] f.t.s.p.r.s.simulation.Application       : Starting Application using Java 21.0.9-ea with PID 144169 (/home/lucas/Projects/robotic-factory-simulator/fr.tp.slr201.projects.robotsim.service.simulation/target/classes started by lucas in /home/lucas/Projects/robotic-factory-simulator/fr.tp.slr201.projects.robotsim.service.simulation)
2025-11-24T15:32:17.970+01:00  INFO 144169 --- [fr.tp.slr201.projects.robotsim.service.simulation] [main] f.t.s.p.r.s.simulation.Application       : No active profile set, falling back to 1 default profile: "default"
2025-11-24T15:32:19.102+01:00  INFO 144169 --- [fr.tp.slr201.projects.robotsim.service.simulation] [main] o.s.b.w.embedded.tomcat.TomcatWebServer  : Tomcat initialized with port 8181 (http)
2025-11-24T15:32:19.121+01:00  INFO 144169 --- [fr.tp.slr201.projects.robotsim.service.simulation] [main] o.apache.catalina.core.StandardService   : Starting service [Tomcat]
2025-11-24T15:32:19.122+01:00  INFO 144169 --- [fr.tp.slr201.projects.robotsim.service.simulation] [main] o.apache.catalina.core.StandardEngine    : Starting Servlet engine: [Apache Tomcat/10.1.49]
2025-11-24T15:32:19.171+01:00  INFO 144169 --- [fr.tp.slr201.projects.robotsim.service.simulation] [main] o.a.c.c.C.[Tomcat].[localhost].[/]       : Initializing Spring embedded WebApplicationContext
2025-11-24T15:32:19.172+01:00  INFO 144169 --- [fr.tp.slr201.projects.robotsim.service.simulation] [main] w.s.c.ServletWebServerApplicationContext : Root WebApplicationContext: initialization completed in 1136 ms
2025-11-24T15:32:19.650+01:00  INFO 144169 --- [fr.tp.slr201.projects.robotsim.service.simulation] [main] o.s.b.w.embedded.tomcat.TomcatWebServer  : Tomcat started on port 8181 (http) with context path '/'
2025-11-24T15:32:19.662+01:00  INFO 144169 --- [fr.tp.slr201.projects.robotsim.service.simulation] [main] f.t.s.p.r.s.simulation.Application       : Started Application in 2.264 seconds (process running for 2.968)
2025-11-24T15:32:36.577+01:00  INFO 144169 --- [fr.tp.slr201.projects.robotsim.service.simulation] [RMI TCP Connection(2)-127.0.0.1] inMXBeanRegistrar$SpringApplicationAdmin : Application shutdown requested.
2025-11-24T15:32:36.580+01:00  INFO 144169 --- [fr.tp.slr201.projects.robotsim.service.simulation] [RMI TCP Connection(2)-127.0.0.1] o.s.b.w.e.tomcat.GracefulShutdown        : Commencing graceful shutdown. Waiting for active requests to complete
2025-11-24T15:32:36.589+01:00  INFO 144169 --- [fr.tp.slr201.projects.robotsim.service.simulation] [tomcat-shutdown] o.s.b.w.e.tomcat.GracefulShutdown        : Graceful shutdown complete
2025-11-24T15:44:44.746+01:00  INFO 144843 --- [fr.tp.slr201.projects.robotsim.service.simulation] [main] f.t.s.p.r.s.simulation.Application       : Starting Application using Java 21.0.9-ea with PID 144843 (/home/lucas/Projects/robotic-factory-simulator/fr.tp.slr201.projects.robotsim.service.simulation/target/classes started by lucas in /home/lucas/Projects/robotic-factory-simulator/fr.tp.slr201.projects.robotsim.service.simulation)
2025-11-24T15:44:44.749+01:00  INFO 144843 --- [fr.tp.slr201.projects.robotsim.service.simulation] [main] f.t.s.p.r.s.simulation.Application       : No active profile set, falling back to 1 default profile: "default"
2025-11-24T15:44:46.020+01:00  INFO 144843 --- [fr.tp.slr201.projects.robotsim.service.simulation] [main] o.s.b.w.embedded.tomcat.TomcatWebServer  : Tomcat initialized with port 8181 (http)
2025-11-24T15:44:46.040+01:00  INFO 144843 --- [fr.tp.slr201.projects.robotsim.service.simulation] [main] o.apache.catalina.core.StandardService   : Starting service [Tomcat]
2025-11-24T15:44:46.040+01:00  INFO 144843 --- [fr.tp.slr201.projects.robotsim.service.simulation] [main] o.apache.catalina.core.StandardEngine    : Starting Servlet engine: [Apache Tomcat/10.1.49]
2025-11-24T15:44:46.091+01:00  INFO 144843 --- [fr.tp.slr201.projects.robotsim.service.simulation] [main] o.a.c.c.C.[Tomcat].[localhost].[/]       : Initializing Spring embedded WebApplicationContext
2025-11-24T15:44:46.092+01:00  INFO 144843 --- [fr.tp.slr201.projects.robotsim.service.simulation] [main] w.s.c.ServletWebServerApplicationContext : Root WebApplicationContext: initialization completed in 1262 ms
2025-11-24T15:44:46.593+01:00  INFO 144843 --- [fr.tp.slr201.projects.robotsim.service.simulation] [main] o.s.b.w.embedded.tomcat.TomcatWebServer  : Tomcat started on port 8181 (http) with context path '/'
2025-11-24T15:44:46.606+01:00  INFO 144843 --- [fr.tp.slr201.projects.robotsim.service.simulation] [main] f.t.s.p.r.s.simulation.Application       : Started Application in 2.44 seconds (process running for 3.211)
2025-11-24T15:51:31.552+01:00  INFO 144843 --- [fr.tp.slr201.projects.robotsim.service.simulation] [RMI TCP Connection(11)-127.0.0.1] inMXBeanRegistrar$SpringApplicationAdmin : Application shutdown requested.
2025-11-24T15:51:31.558+01:00  INFO 144843 --- [fr.tp.slr201.projects.robotsim.service.simulation] [RMI TCP Connection(11)-127.0.0.1] o.s.b.w.e.tomcat.GracefulShutdown        : Commencing graceful shutdown. Waiting for active requests to complete
2025-11-24T15:51:31.568+01:00  INFO 144843 --- [fr.tp.slr201.projects.robotsim.service.simulation] [tomcat-shutdown] o.s.b.w.e.tomcat.GracefulShutdown        : Graceful shutdown complete
2025-11-24T15:52:10.015+01:00  INFO 145156 --- [fr.tp.slr201.projects.robotsim.service.simulation] [main] f.t.s.p.r.s.simulation.Application       : Starting Application using Java 21.0.9-ea with PID 145156 (/home/lucas/Projects/robotic-factory-simulator/fr.tp.slr201.projects.robotsim.service.simulation/target/classes started by lucas in /home/lucas/Projects/robotic-factory-simulator/fr.tp.slr201.projects.robotsim.service.simulation)
2025-11-24T15:52:10.017+01:00  INFO 145156 --- [fr.tp.slr201.projects.robotsim.service.simulation] [main] f.t.s.p.r.s.simulation.Application       : No active profile set, falling back to 1 default profile: "default"
2025-11-24T15:52:11.169+01:00  INFO 145156 --- [fr.tp.slr201.projects.robotsim.service.simulation] [main] o.s.b.w.embedded.tomcat.TomcatWebServer  : Tomcat initialized with port 8181 (http)
2025-11-24T15:52:11.189+01:00  INFO 145156 --- [fr.tp.slr201.projects.robotsim.service.simulation] [main] o.apache.catalina.core.StandardService   : Starting service [Tomcat]
2025-11-24T15:52:11.190+01:00  INFO 145156 --- [fr.tp.slr201.projects.robotsim.service.simulation] [main] o.apache.catalina.core.StandardEngine    : Starting Servlet engine: [Apache Tomcat/10.1.49]
2025-11-24T15:52:11.238+01:00  INFO 145156 --- [fr.tp.slr201.projects.robotsim.service.simulation] [main] o.a.c.c.C.[Tomcat].[localhost].[/]       : Initializing Spring embedded WebApplicationContext
2025-11-24T15:52:11.239+01:00  INFO 145156 --- [fr.tp.slr201.projects.robotsim.service.simulation] [main] w.s.c.ServletWebServerApplicationContext : Root WebApplicationContext: initialization completed in 1151 ms
2025-11-24T15:52:11.717+01:00  INFO 145156 --- [fr.tp.slr201.projects.robotsim.service.simulation] [main] o.s.b.w.embedded.tomcat.TomcatWebServer  : Tomcat started on port 8181 (http) with context path '/'
2025-11-24T15:52:11.729+01:00  INFO 145156 --- [fr.tp.slr201.projects.robotsim.service.simulation] [main] f.t.s.p.r.s.simulation.Application       : Started Application in 2.254 seconds (process running for 2.954)
2025-11-24T15:52:33.765+01:00  INFO 145156 --- [fr.tp.slr201.projects.robotsim.service.simulation] [http-nio-8181-exec-1] o.a.c.c.C.[Tomcat].[localhost].[/]       : Initializing Spring DispatcherServlet 'dispatcherServlet'
2025-11-24T15:52:33.766+01:00  INFO 145156 --- [fr.tp.slr201.projects.robotsim.service.simulation] [http-nio-8181-exec-1] o.s.web.servlet.DispatcherServlet        : Initializing Servlet 'dispatcherServlet'
2025-11-24T15:52:33.768+01:00  INFO 145156 --- [fr.tp.slr201.projects.robotsim.service.simulation] [http-nio-8181-exec-1] o.s.web.servlet.DispatcherServlet        : Completed initialization in 1 ms
2025-11-24T15:52:33.834+01:00  INFO 145156 --- [fr.tp.slr201.projects.robotsim.service.simulation] [http-nio-8181-exec-1] f.t.s.p.r.s.s.SimulationController       : Request to start factory simulation for file: /home/lucas/Projects/robotic-factory-simulator/fr.tp.inf112.projects.robotsim/testeFINAL.factory
2025-11-24T15:52:38.410+01:00  INFO 145156 --- [fr.tp.slr201.projects.robotsim.service.simulation] [http-nio-8181-exec-1] f.t.s.p.r.s.s.SimulationController       : Simulation started successfully.
2025-11-24T15:52:55.216+01:00  INFO 145156 --- [fr.tp.slr201.projects.robotsim.service.simulation] [RMI TCP Connection(4)-127.0.0.1] inMXBeanRegistrar$SpringApplicationAdmin : Application shutdown requested.
2025-11-24T15:52:55.220+01:00  INFO 145156 --- [fr.tp.slr201.projects.robotsim.service.simulation] [RMI TCP Connection(4)-127.0.0.1] o.s.b.w.e.tomcat.GracefulShutdown        : Commencing graceful shutdown. Waiting for active requests to complete
2025-11-24T15:52:55.224+01:00  INFO 145156 --- [fr.tp.slr201.projects.robotsim.service.simulation] [tomcat-shutdown] o.s.b.w.e.tomcat.GracefulShutdown        : Graceful shutdown complete
2025-11-24T15:57:52.739+01:00  INFO 145544 --- [fr.tp.slr201.projects.robotsim.service.simulation] [main] f.t.s.p.r.s.simulation.Application       : Starting Application using Java 21.0.9-ea with PID 145544 (/home/lucas/Projects/robotic-factory-simulator/fr.tp.slr201.projects.robotsim.service.simulation/target/classes started by lucas in /home/lucas/Projects/robotic-factory-simulator/fr.tp.slr201.projects.robotsim.service.simulation)
2025-11-24T15:57:52.742+01:00  INFO 145544 --- [fr.tp.slr201.projects.robotsim.service.simulation] [main] f.t.s.p.r.s.simulation.Application       : No active profile set, falling back to 1 default profile: "default"
2025-11-24T15:57:53.924+01:00  INFO 145544 --- [fr.tp.slr201.projects.robotsim.service.simulation] [main] o.s.b.w.embedded.tomcat.TomcatWebServer  : Tomcat initialized with port 8181 (http)
2025-11-24T15:57:53.944+01:00  INFO 145544 --- [fr.tp.slr201.projects.robotsim.service.simulation] [main] o.apache.catalina.core.StandardService   : Starting service [Tomcat]
2025-11-24T15:57:53.945+01:00  INFO 145544 --- [fr.tp.slr201.projects.robotsim.service.simulation] [main] o.apache.catalina.core.StandardEngine    : Starting Servlet engine: [Apache Tomcat/10.1.49]
2025-11-24T15:57:53.993+01:00  INFO 145544 --- [fr.tp.slr201.projects.robotsim.service.simulation] [main] o.a.c.c.C.[Tomcat].[localhost].[/]       : Initializing Spring embedded WebApplicationContext
2025-11-24T15:57:53.994+01:00  INFO 145544 --- [fr.tp.slr201.projects.robotsim.service.simulation] [main] w.s.c.ServletWebServerApplicationContext : Root WebApplicationContext: initialization completed in 1170 ms
2025-11-24T15:57:54.470+01:00  INFO 145544 --- [fr.tp.slr201.projects.robotsim.service.simulation] [main] o.s.b.w.embedded.tomcat.TomcatWebServer  : Tomcat started on port 8181 (http) with context path '/'
2025-11-24T15:57:54.482+01:00  INFO 145544 --- [fr.tp.slr201.projects.robotsim.service.simulation] [main] f.t.s.p.r.s.simulation.Application       : Started Application in 2.302 seconds (process running for 3.092)
2025-11-24T15:58:22.630+01:00  INFO 145544 --- [fr.tp.slr201.projects.robotsim.service.simulation] [http-nio-8181-exec-1] o.a.c.c.C.[Tomcat].[localhost].[/]       : Initializing Spring DispatcherServlet 'dispatcherServlet'
2025-11-24T15:58:22.631+01:00  INFO 145544 --- [fr.tp.slr201.projects.robotsim.service.simulation] [http-nio-8181-exec-1] o.s.web.servlet.DispatcherServlet        : Initializing Servlet 'dispatcherServlet'
2025-11-24T15:58:22.632+01:00  INFO 145544 --- [fr.tp.slr201.projects.robotsim.service.simulation] [http-nio-8181-exec-1] o.s.web.servlet.DispatcherServlet        : Completed initialization in 1 ms
2025-11-24T15:58:22.682+01:00  INFO 145544 --- [fr.tp.slr201.projects.robotsim.service.simulation] [http-nio-8181-exec-1] f.t.s.p.r.s.s.SimulationController       : Request to start factory simulation for file: /home/lucas/Projects/robotic-factory-simulator/fr.tp.inf112.projects.robotsim/agoravai.factory
2025-11-24T15:58:27.059+01:00  INFO 145544 --- [fr.tp.slr201.projects.robotsim.service.simulation] [http-nio-8181-exec-1] f.t.s.p.r.s.s.SimulationController       : Simulation started successfully.
2025-11-24T15:58:52.016+01:00  INFO 145544 --- [fr.tp.slr201.projects.robotsim.service.simulation] [RMI TCP Connection(4)-127.0.0.1] inMXBeanRegistrar$SpringApplicationAdmin : Application shutdown requested.
2025-11-24T15:58:52.019+01:00  INFO 145544 --- [fr.tp.slr201.projects.robotsim.service.simulation] [RMI TCP Connection(4)-127.0.0.1] o.s.b.w.e.tomcat.GracefulShutdown        : Commencing graceful shutdown. Waiting for active requests to complete
2025-11-24T15:58:52.024+01:00  INFO 145544 --- [fr.tp.slr201.projects.robotsim.service.simulation] [tomcat-shutdown] o.s.b.w.e.tomcat.GracefulShutdown        : Graceful shutdown complete
2025-11-24T15:59:13.049+01:00  INFO 145806 --- [fr.tp.slr201.projects.robotsim.service.simulation] [main] f.t.s.p.r.s.simulation.Application       : Starting Application using Java 21.0.9-ea with PID 145806 (/home/lucas/Projects/robotic-factory-simulator/fr.tp.slr201.projects.robotsim.service.simulation/target/classes started by lucas in /home/lucas/Projects/robotic-factory-simulator/fr.tp.slr201.projects.robotsim.service.simulation)
2025-11-24T15:59:13.052+01:00  INFO 145806 --- [fr.tp.slr201.projects.robotsim.service.simulation] [main] f.t.s.p.r.s.simulation.Application       : No active profile set, falling back to 1 default profile: "default"
2025-11-24T15:59:14.227+01:00  INFO 145806 --- [fr.tp.slr201.projects.robotsim.service.simulation] [main] o.s.b.w.embedded.tomcat.TomcatWebServer  : Tomcat initialized with port 8181 (http)
2025-11-24T15:59:14.248+01:00  INFO 145806 --- [fr.tp.slr201.projects.robotsim.service.simulation] [main] o.apache.catalina.core.StandardService   : Starting service [Tomcat]
2025-11-24T15:59:14.248+01:00  INFO 145806 --- [fr.tp.slr201.projects.robotsim.service.simulation] [main] o.apache.catalina.core.StandardEngine    : Starting Servlet engine: [Apache Tomcat/10.1.49]
2025-11-24T15:59:14.297+01:00  INFO 145806 --- [fr.tp.slr201.projects.robotsim.service.simulation] [main] o.a.c.c.C.[Tomcat].[localhost].[/]       : Initializing Spring embedded WebApplicationContext
2025-11-24T15:59:14.298+01:00  INFO 145806 --- [fr.tp.slr201.projects.robotsim.service.simulation] [main] w.s.c.ServletWebServerApplicationContext : Root WebApplicationContext: initialization completed in 1176 ms
2025-11-24T15:59:14.790+01:00  INFO 145806 --- [fr.tp.slr201.projects.robotsim.service.simulation] [main] o.s.b.w.embedded.tomcat.TomcatWebServer  : Tomcat started on port 8181 (http) with context path '/'
2025-11-24T15:59:14.802+01:00  INFO 145806 --- [fr.tp.slr201.projects.robotsim.service.simulation] [main] f.t.s.p.r.s.simulation.Application       : Started Application in 2.305 seconds (process running for 3.01)
2025-11-24T15:59:48.288+01:00  INFO 145806 --- [fr.tp.slr201.projects.robotsim.service.simulation] [http-nio-8181-exec-1] o.a.c.c.C.[Tomcat].[localhost].[/]       : Initializing Spring DispatcherServlet 'dispatcherServlet'
2025-11-24T15:59:48.288+01:00  INFO 145806 --- [fr.tp.slr201.projects.robotsim.service.simulation] [http-nio-8181-exec-1] o.s.web.servlet.DispatcherServlet        : Initializing Servlet 'dispatcherServlet'
2025-11-24T15:59:48.290+01:00  INFO 145806 --- [fr.tp.slr201.projects.robotsim.service.simulation] [http-nio-8181-exec-1] o.s.web.servlet.DispatcherServlet        : Completed initialization in 1 ms
2025-11-24T15:59:48.344+01:00  INFO 145806 --- [fr.tp.slr201.projects.robotsim.service.simulation] [http-nio-8181-exec-1] f.t.s.p.r.s.s.SimulationController       : Request to start factory simulation for file: /home/lucas/Projects/robotic-factory-simulator/fr.tp.inf112.projects.robotsim/testee.factory
2025-11-24T15:59:52.657+01:00  INFO 145806 --- [fr.tp.slr201.projects.robotsim.service.simulation] [http-nio-8181-exec-1] f.t.s.p.r.s.s.SimulationController       : Simulation started successfully.
2025-11-24T16:00:03.328+01:00  INFO 145806 --- [fr.tp.slr201.projects.robotsim.service.simulation] [RMI TCP Connection(4)-127.0.0.1] inMXBeanRegistrar$SpringApplicationAdmin : Application shutdown requested.
2025-11-24T16:00:03.331+01:00  INFO 145806 --- [fr.tp.slr201.projects.robotsim.service.simulation] [RMI TCP Connection(4)-127.0.0.1] o.s.b.w.e.tomcat.GracefulShutdown        : Commencing graceful shutdown. Waiting for active requests to complete
2025-11-24T16:00:03.335+01:00  INFO 145806 --- [fr.tp.slr201.projects.robotsim.service.simulation] [tomcat-shutdown] o.s.b.w.e.tomcat.GracefulShutdown        : Graceful shutdown complete
2025-11-24T16:02:31.178+01:00  INFO 146108 --- [fr.tp.slr201.projects.robotsim.service.simulation] [main] f.t.s.p.r.s.simulation.Application       : Starting Application using Java 21.0.9-ea with PID 146108 (/home/lucas/Projects/robotic-factory-simulator/fr.tp.slr201.projects.robotsim.service.simulation/target/classes started by lucas in /home/lucas/Projects/robotic-factory-simulator/fr.tp.slr201.projects.robotsim.service.simulation)
2025-11-24T16:02:31.181+01:00  INFO 146108 --- [fr.tp.slr201.projects.robotsim.service.simulation] [main] f.t.s.p.r.s.simulation.Application       : No active profile set, falling back to 1 default profile: "default"
2025-11-24T16:02:32.430+01:00  INFO 146108 --- [fr.tp.slr201.projects.robotsim.service.simulation] [main] o.s.b.w.embedded.tomcat.TomcatWebServer  : Tomcat initialized with port 8181 (http)
2025-11-24T16:02:32.450+01:00  INFO 146108 --- [fr.tp.slr201.projects.robotsim.service.simulation] [main] o.apache.catalina.core.StandardService   : Starting service [Tomcat]
2025-11-24T16:02:32.451+01:00  INFO 146108 --- [fr.tp.slr201.projects.robotsim.service.simulation] [main] o.apache.catalina.core.StandardEngine    : Starting Servlet engine: [Apache Tomcat/10.1.49]
2025-11-24T16:02:32.505+01:00  INFO 146108 --- [fr.tp.slr201.projects.robotsim.service.simulation] [main] o.a.c.c.C.[Tomcat].[localhost].[/]       : Initializing Spring embedded WebApplicationContext
2025-11-24T16:02:32.506+01:00  INFO 146108 --- [fr.tp.slr201.projects.robotsim.service.simulation] [main] w.s.c.ServletWebServerApplicationContext : Root WebApplicationContext: initialization completed in 1252 ms
2025-11-24T16:02:32.996+01:00  INFO 146108 --- [fr.tp.slr201.projects.robotsim.service.simulation] [main] o.s.b.w.embedded.tomcat.TomcatWebServer  : Tomcat started on port 8181 (http) with context path '/'
2025-11-24T16:02:33.008+01:00  INFO 146108 --- [fr.tp.slr201.projects.robotsim.service.simulation] [main] f.t.s.p.r.s.simulation.Application       : Started Application in 2.381 seconds (process running for 3.124)
2025-11-24T16:02:54.858+01:00  INFO 146108 --- [fr.tp.slr201.projects.robotsim.service.simulation] [http-nio-8181-exec-1] o.a.c.c.C.[Tomcat].[localhost].[/]       : Initializing Spring DispatcherServlet 'dispatcherServlet'
2025-11-24T16:02:54.859+01:00  INFO 146108 --- [fr.tp.slr201.projects.robotsim.service.simulation] [http-nio-8181-exec-1] o.s.web.servlet.DispatcherServlet        : Initializing Servlet 'dispatcherServlet'
2025-11-24T16:02:54.860+01:00  INFO 146108 --- [fr.tp.slr201.projects.robotsim.service.simulation] [http-nio-8181-exec-1] o.s.web.servlet.DispatcherServlet        : Completed initialization in 1 ms
2025-11-24T16:02:54.909+01:00  INFO 146108 --- [fr.tp.slr201.projects.robotsim.service.simulation] [http-nio-8181-exec-1] f.t.s.p.r.s.s.SimulationController       : Request to start factory simulation for file: /home/lucas/Projects/robotic-factory-simulator/fr.tp.inf112.projects.robotsim/agoravaiii.factory
2025-11-24T16:02:59.080+01:00  INFO 146108 --- [fr.tp.slr201.projects.robotsim.service.simulation] [http-nio-8181-exec-1] f.t.s.p.r.s.s.SimulationController       : Simulation started successfully.
2025-11-24T16:03:06.018+01:00  INFO 146108 --- [fr.tp.slr201.projects.robotsim.service.simulation] [RMI TCP Connection(4)-127.0.0.1] inMXBeanRegistrar$SpringApplicationAdmin : Application shutdown requested.
2025-11-24T16:03:06.022+01:00  INFO 146108 --- [fr.tp.slr201.projects.robotsim.service.simulation] [RMI TCP Connection(4)-127.0.0.1] o.s.b.w.e.tomcat.GracefulShutdown        : Commencing graceful shutdown. Waiting for active requests to complete
2025-11-24T16:03:06.026+01:00  INFO 146108 --- [fr.tp.slr201.projects.robotsim.service.simulation] [tomcat-shutdown] o.s.b.w.e.tomcat.GracefulShutdown        : Graceful shutdown complete
